GAME_ID,game_number,H_A,team_name,player_id,person_id,name,birthdate,birthdate_year,jersey_number,position_str,shots,shots_on,goals,assists,EVprimarypoints,primarypoints,plusminus,hits,pim,EV_G,EV_A1,EV_A2,PP_G,PP_A1,PP_A2,SH_G,SH_A1,SH_A2,EV_GF,EV_GA,EV_GF%,faceoff_wins,faceoff_attempts
1018604,1,H,Edmonton Oil Kings,28932,9374,Carter Kowalyk,0,0,2,LD,0,0,0,0,0.0,0.0,-1,0,2,0.0,0.0,0.0,0.0,0.0,0.0,0.0,0.0,0.0,0.0,1.0,0.0,0,0
1018604,1,H,Edmonton Oil Kings,28766,9135,Ethan Peters,2003-04-22 00:00:00,2003,7,RD,0,0,0,0,0.0,0.0,0,0,2,0.0,0.0,0.0,0.0,0.0,0.0,0.0,0.0,0.0,1.0,0.0,1.0,0,0
1018604,1,H,Edmonton Oil Kings,28842,9250,Braeden Wynne,0,0,8,RD,0,0,0,0,0.0,0.0,0,0,0,0.0,0.0,0.0,0.0,0.0,0.0,0.0,0.0,0.0,1.0,1.0,0.5,0,0
1018604,1,H,Edmonton Oil Kings,28125,8402,Carson Golder,2002-10-29 00:00:00,2002,9,LW,3,3,0,1,1.0,1.0,+1,0,0,0.0,1.0,0.0,0.0,0.0,0.0,0.0,0.0,0.0,1.0,0.0,1.0,0,0
1018604,1,H,Edmonton Oil Kings,28844,9252,John Szabo,0,0,12,C,1,1,0,0,0.0,0.0,-1,0,6,0.0,0.0,0.0,0.0,0.0,0.0,0.0,0.0,0.0,0.0,1.0,0.0,4,10
1018604,1,H,Edmonton Oil Kings,29204,9703,Marshall Finnie,0,0,14,C,2,2,0,0,0.0,0.0,-1,0,2,0.0,0.0,0.0,0.0,0.0,0.0,0.0,0.0,0.0,0.0,1.0,0.0,0,0
1018604,1,H,Edmonton Oil Kings,28741,9108,Cole Miller,0,0,15,C,3,3,1,0,0.0,1.0,-1,0,0,0.0,0.0,0.0,1.0,0.0,0.0,0.0,0.0,0.0,0.0,0.0,0.5,5,14
1018604,1,H,Edmonton Oil Kings,29075,9559,Gavin Hodnett,0,0,17,C,0,0,0,0,0.0,0.0,-1,0,0,0.0,0.0,0.0,0.0,0.0,0.0,0.0,0.0,0.0,0.0,1.0,0.0,0,5
1018604,1,H,Edmonton Oil Kings,29154,9652,Luca Hauf,0,0,18,LW,0,0,0,0,0.0,0.0,-1,0,0,0.0,0.0,0.0,0.0,0.0,0.0,0.0,0.0,0.0,0.0,0.0,0.5,3,3
1018604,1,H,Edmonton Oil Kings,28806,9200,Dawson Seitz,0,0,20,RW,5,5,0,1,0.0,1.0,-1,0,0,0.0,0.0,0.0,0.0,1.0,0.0,0.0,0.0,0.0,0.0,0.0,0.5,0,0
1018604,1,H,Edmonton Oil Kings,27909,8107,Logan Dowhaniuk,2002-06-20 00:00:00,2002,24,LD,4,4,0,0,0.0,0.0,-1,0,0,0.0,0.0,0.0,0.0,0.0,0.0,0.0,0.0,0.0,0.0,1.0,0.0,0,0
1018604,1,H,Edmonton Oil Kings,28845,9253,Ben Wright,0,0,25,LW,1,1,0,0,0.0,0.0,-1,0,0,0.0,0.0,0.0,0.0,0.0,0.0,0.0,0.0,0.0,0.0,1.0,0.0,0,0
1018604,1,H,Edmonton Oil Kings,28497,8848,Rhett Melnyk,0,0,27,RW,1,1,0,1,0.0,0.0,+1,0,0,0.0,0.0,1.0,0.0,0.0,0.0,0.0,0.0,0.0,1.0,0.0,1.0,13,23
1018604,1,H,Edmonton Oil Kings,28926,9368,Mason Finley,0,0,29,RW,3,3,1,0,1.0,1.0,+1,0,0,1.0,0.0,0.0,0.0,0.0,0.0,0.0,0.0,0.0,1.0,0.0,1.0,1,1
1018604,1,H,Edmonton Oil Kings,28004,8246,Reed Jacobson,0,0,32,LW,3,3,0,0,0.0,0.0,-1,0,0,0.0,0.0,0.0,0.0,0.0,0.0,0.0,0.0,0.0,0.0,1.0,0.0,1,2
1018604,1,H,Edmonton Oil Kings,29206,9705,Reid Larson,0,0,37,LD,1,1,0,0,0.0,0.0,-1,0,0,0.0,0.0,0.0,0.0,0.0,0.0,0.0,0.0,0.0,0.0,1.0,0.0,0,0
1018604,1,H,Edmonton Oil Kings,28808,9202,Shea Van Olm,2004-03-05 00:00:00,2004,39,LW,2,2,0,0,0.0,0.0,-2,0,0,0.0,0.0,0.0,0.0,0.0,0.0,0.0,0.0,0.0,0.0,1.0,0.0,0,0
1018604,1,H,Edmonton Oil Kings,29207,9706,Ethan MacKenzie,0,0,47,LD,1,1,0,1,0.0,0.0,0,0,0,0.0,0.0,0.0,0.0,0.0,1.0,0.0,0.0,0.0,0.0,0.0,0.5,0,0
1018604,1,A,Red Deer Rebels,28383,8704,Blake Gustafson,2002-05-21 00:00:00,2002,3,D,3,3,0,0,0.0,0.0,-1,0,0,0.0,0.0,0.0,0.0,0.0,0.0,0.0,0.0,0.0,0.0,1.0,0.0,0,0
1018604,1,A,Red Deer Rebels,28390,8711,Hunter Mayo,2004-05-07 00:00:00,2004,5,D,2,2,2,1,1.0,2.0,+3,0,0,1.0,0.0,0.0,1.0,0.0,1.0,0.0,0.0,0.0,2.0,0.0,1.0,0,0
1018604,1,A,Red Deer Rebels,28717,9068,Matteo Fabrizi,2005-03-23 00:00:00,2005,6,D,1,1,0,0,0.0,0.0,+1,0,0,0.0,0.0,0.0,0.0,0.0,0.0,0.0,0.0,0.0,1.0,0.0,1.0,0,0
1018604,1,A,Red Deer Rebels,29234,9734,Vojtech Port,0,0,7,RD,0,0,0,0,0.0,0.0,0,0,2,0.0,0.0,0.0,0.0,0.0,0.0,0.0,0.0,0.0,0.0,0.0,0.5,0,0
1018604,1,A,Red Deer Rebels,28388,8709,Jace Weir,2004-05-21 00:00:00,2004,8,D,1,1,0,0,0.0,0.0,-1,0,0,0.0,0.0,0.0,0.0,0.0,0.0,0.0,0.0,0.0,0.0,1.0,0.0,0,0
1018604,1,A,Red Deer Rebels,29098,9582,Frantisek Formanek,2004-05-06 00:00:00,2004,10,RW,1,1,0,0,0.0,0.0,-1,0,0,0.0,0.0,0.0,0.0,0.0,0.0,0.0,0.0,0.0,0.0,1.0,0.0,0,2
1018604,1,A,Red Deer Rebels,28170,8448,Craig Armstrong,2003-06-05 00:00:00,2003,11,RW,5,5,0,0,0.0,0.0,+1,0,4,0.0,0.0,0.0,0.0,0.0,0.0,0.0,0.0,0.0,0.0,0.0,0.5,1,2
1018604,1,A,Red Deer Rebels,28768,9138,Kalan Lind,2005-01-25 00:00:00,2005,13,C,4,4,0,0,0.0,0.0,+1,0,2,0.0,0.0,0.0,0.0,0.0,0.0,0.0,0.0,0.0,0.0,0.0,0.5,7,12
1018604,1,A,Red Deer Rebels,28386,8707,Carter Anderson,2004-08-01 00:00:00,2004,16,C,5,5,1,0,1.0,1.0,+1,0,2,1.0,0.0,0.0,0.0,0.0,0.0,0.0,0.0,0.0,2.0,1.0,0.6666666666666666,0,0
1018604,1,A,Red Deer Rebels,29009,9488,Ollie Josephson,2006-07-22 00:00:00,2006,17,C,1,1,0,1,1.0,1.0,0,0,0,0.0,1.0,0.0,0.0,0.0,0.0,0.0,0.0,0.0,1.0,1.0,0.5,8,14
1018604,1,A,Red Deer Rebels,28128,8406,Jace Isley,2002-07-14 00:00:00,2002,18,LW,2,2,0,0,0.0,0.0,0,0,0,0.0,0.0,0.0,0.0,0.0,0.0,0.0,0.0,0.0,0.0,0.0,0.5,0,2
1018604,1,A,Red Deer Rebels,28148,8426,Kai Uchacz,2003-06-24 00:00:00,2003,19,C,0,0,0,0,0.0,0.0,0,0,0,0.0,0.0,0.0,0.0,0.0,0.0,0.0,0.0,0.0,0.0,0.0,0.5,13,22
1018604,1,A,Red Deer Rebels,28856,9264,Arjun Bawa,2005-05-10 00:00:00,2005,20,LW,0,0,0,0,0.0,0.0,0,0,2,0.0,0.0,0.0,0.0,0.0,0.0,0.0,0.0,0.0,0.0,0.0,0.5,0,0
1018604,1,A,Red Deer Rebels,29244,9744,Escalus Burlock,0,0,21,RW,0,0,0,0,0.0,0.0,0,0,0,0.0,0.0,0.0,0.0,0.0,0.0,0.0,0.0,0.0,0.0,0.0,0.5,0,0
1018604,1,A,Red Deer Rebels,28449,8792,Jhett Larson,2004-02-03 00:00:00,2004,23,RW,4,4,2,1,1.0,2.0,+1,0,0,1.0,0.0,0.0,1.0,0.0,1.0,0.0,0.0,0.0,0.0,0.0,0.5,2,3
1018604,1,A,Red Deer Rebels,28857,9265,Talon Brigley,2005-02-16 00:00:00,2005,26,RW,3,3,0,2,1.0,1.0,+2,0,2,0.0,1.0,1.0,0.0,0.0,0.0,0.0,0.0,0.0,2.0,0.0,1.0,0,1
1018604,1,A,Red Deer Rebels,29246,9746,Quentin Bourne,2006-03-04 00:00:00,2006,28,D,1,1,0,0,0.0,0.0,0,0,0,0.0,0.0,0.0,0.0,0.0,0.0,0.0,0.0,0.0,0.0,0.0,0.5,0,0
1018604,1,A,Red Deer Rebels,27848,8043,Tanner Brown,2002-10-24 00:00:00,2002,29,D,3,3,0,3,0.0,2.0,+3,0,0,0.0,0.0,1.0,0.0,2.0,0.0,0.0,0.0,0.0,2.0,0.0,1.0,0,0
1018605,2,H,Kamloops Blazers,28047,8324,Logan Bairos,2003-01-11 00:00:00,2003,2,LD,1,1,0,0,0.0,0.0,-1,0,0,0.0,0.0,0.0,0.0,0.0,0.0,0.0,0.0,0.0,0.0,1.0,0.0,0,0
1018605,2,H,Kamloops Blazers,28933,9375,Rylan Pearce,0,0,3,D,0,0,0,0,0.0,0.0,-1,0,0,0.0,0.0,0.0,0.0,0.0,0.0,0.0,0.0,0.0,0.0,1.0,0.0,0,0
1018605,2,H,Kamloops Blazers,29141,9638,Aapo Sarell,2003-07-31 00:00:00,2003,6,D,4,4,0,0,0.0,0.0,0,0,0,0.0,0.0,0.0,0.0,0.0,0.0,0.0,0.0,0.0,0.0,0.0,0.5,0,0
1018605,2,H,Kamloops Blazers,28687,9038,Kaden Hammell,2005-03-12 00:00:00,2005,7,RD,4,4,0,0,0.0,0.0,-2,0,0,0.0,0.0,0.0,0.0,0.0,0.0,0.0,0.0,0.0,0.0,2.0,0.0,0,0
1018605,2,H,Kamloops Blazers,28721,9072,Emmitt Finnie,2005-06-27 00:00:00,2005,9,LW,1,1,0,0,0.0,0.0,0,0,0,0.0,0.0,0.0,0.0,0.0,0.0,0.0,0.0,0.0,0.0,0.0,0.5,3,5
1018605,2,H,Kamloops Blazers,29140,9637,Conner Radke,0,0,10,RW,0,0,0,0,0.0,0.0,0,0,0,0.0,0.0,0.0,0.0,0.0,0.0,0.0,0.0,0.0,0.0,0.0,0.5,2,4
1018605,2,H,Kamloops Blazers,28711,9062,Ryan Michael,2005-02-05 00:00:00,2005,12,D,2,2,0,0,0.0,0.0,0,0,0,0.0,0.0,0.0,0.0,0.0,0.0,0.0,0.0,0.0,0.0,0.0,0.5,0,0
1018605,2,H,Kamloops Blazers,28692,9043,Luke Korte,0,0,14,LW,0,0,0,0,0.0,0.0,0,0,0,0.0,0.0,0.0,0.0,0.0,0.0,0.0,0.0,0.0,0.0,0.0,0.5,0,2
1018605,2,H,Kamloops Blazers,28467,8810,Connor Levis,2004-10-05 00:00:00,2004,15,RW,2,2,0,0,0.0,0.0,0,0,0,0.0,0.0,0.0,0.0,0.0,0.0,0.0,0.0,0.0,0.0,0.0,0.5,0,0
1018605,2,H,Kamloops Blazers,28951,9394,Nathan MacPherson-Ridgewell,2004-04-13 00:00:00,2004,17,LW,1,1,0,0,0.0,0.0,-2,0,0,0.0,0.0,0.0,0.0,0.0,0.0,0.0,0.0,0.0,0.0,2.0,0.0,0,0
1018605,2,H,Kamloops Blazers,28979,9458,Harrison Brunicke,2006-05-08 00:00:00,2006,18,D,0,0,0,0,0.0,0.0,-1,0,0,0.0,0.0,0.0,0.0,0.0,0.0,0.0,0.0,0.0,0.0,1.0,0.0,0,0
1018605,2,H,Kamloops Blazers,28804,9198,Dylan Sydor,2003-04-07 00:00:00,2003,23,RW,3,3,0,0,0.0,0.0,0,0,0,0.0,0.0,0.0,0.0,0.0,0.0,0.0,0.0,0.0,0.0,0.0,0.5,0,0
1018605,2,H,Kamloops Blazers,27976,8218,Ethan Brandwood,2002-05-09 00:00:00,2002,24,RD,1,1,0,0,0.0,0.0,0,0,0,0.0,0.0,0.0,0.0,0.0,0.0,0.0,0.0,0.0,0.0,0.0,0.5,0,0
1018605,2,H,Kamloops Blazers,29056,9535,Ashton Tait,0,0,25,C,0,0,0,0,0.0,0.0,-1,0,0,0.0,0.0,0.0,0.0,0.0,0.0,0.0,0.0,0.0,0.0,1.0,0.0,4,12
1018605,2,H,Kamloops Blazers,29169,9667,Nathan Behm,0,0,27,C,0,0,0,0,0.0,0.0,0,0,0,0.0,0.0,0.0,0.0,0.0,0.0,0.0,0.0,0.0,0.0,0.0,0.5,0,0
1018605,2,H,Kamloops Blazers,27873,8070,Drew Englot,2002-10-26 00:00:00,2002,32,C,3,3,0,0,0.0,0.0,0,0,2,0.0,0.0,0.0,0.0,0.0,0.0,0.0,0.0,0.0,0.0,0.0,0.5,15,24
1018605,2,H,Kamloops Blazers,28176,8454,Ashton Ferster,2003-05-17 00:00:00,2003,33,RW,2,2,0,0,0.0,0.0,-1,0,0,0.0,0.0,0.0,0.0,0.0,0.0,0.0,0.0,0.0,0.0,1.0,0.0,0,0
1018605,2,H,Kamloops Blazers,27862,8059,Ethan Rowland,0,0,34,C,0,0,0,0,0.0,0.0,-1,0,0,0.0,0.0,0.0,0.0,0.0,0.0,0.0,0.0,0.0,0.0,1.0,0.0,8,21
1018605,2,A,Portland Winterhawks,28847,9255,Josh Mori,2004-03-27 00:00:00,2004,2,D,2,2,0,0,0.0,0.0,0,0,0,0.0,0.0,0.0,0.0,0.0,0.0,0.0,0.0,0.0,0.0,0.0,0.5,0,0
1018605,2,A,Portland Winterhawks,28114,8391,Robbie Fromm-Delorme,2002-03-02 00:00:00,2002,11,RW,1,1,0,1,0.0,0.0,0,0,0,0.0,0.0,0.0,0.0,0.0,1.0,0.0,0.0,0.0,0.0,0.0,0.5,2,2
1018605,2,A,Portland Winterhawks,28117,8394,Gabe Klassen,2003-06-30 00:00:00,2003,16,C,8,8,2,0,1.0,2.0,+1,0,0,1.0,0.0,0.0,1.0,0.0,0.0,0.0,0.0,0.0,1.0,0.0,1.0,11,19
1018605,2,A,Portland Winterhawks,28318,8639,Kyle Chyzowski,2004-08-16 00:00:00,2004,19,C,2,2,0,1,1.0,1.0,+1,0,0,0.0,1.0,0.0,0.0,0.0,0.0,0.0,0.0,0.0,1.0,0.0,1.0,0,0
1018605,2,A,Portland Winterhawks,28850,9258,Aiden Sotas,0,0,20,C,0,0,0,0,0.0,0.0,0,0,2,0.0,0.0,0.0,0.0,0.0,0.0,0.0,0.0,0.0,0.0,0.0,0.5,0,0
1018605,2,A,Portland Winterhawks,28320,8641,Jonah Bevington,0,0,21,LW,0,0,0,0,0.0,0.0,0,0,2,0.0,0.0,0.0,0.0,0.0,0.0,0.0,0.0,0.0,0.0,0.0,0.5,0,2
1018605,2,A,Portland Winterhawks,28851,9259,Josh Zakreski,2005-12-17 00:00:00,2005,28,LW,4,4,0,0,0.0,0.0,+1,0,0,0.0,0.0,0.0,0.0,0.0,0.0,0.0,0.0,0.0,1.0,0.0,1.0,0,1
1018605,2,A,Portland Winterhawks,28324,8645,Ryder Thompson,2004-06-18 00:00:00,2004,43,D,2,2,0,1,0.0,0.0,+1,0,0,0.0,0.0,1.0,0.0,0.0,0.0,0.0,0.0,0.0,1.0,0.0,1.0,0,0
1018605,2,A,Portland Winterhawks,28118,8395,Kurtis Smythe,2002-05-03 00:00:00,2002,47,D,0,0,0,0,0.0,0.0,0,0,0,0.0,0.0,0.0,0.0,0.0,0.0,0.0,0.0,0.0,0.0,0.0,0.5,0,0
1018605,2,A,Portland Winterhawks,28849,9257,Carter Sotheran,2005-06-26 00:00:00,2005,59,D,2,2,0,0,0.0,0.0,+1,0,0,0.0,0.0,0.0,0.0,0.0,0.0,0.0,0.0,0.0,1.0,0.0,1.0,0,0
1018605,2,A,Portland Winterhawks,28321,8642,Dawson Pasternak,2003-04-06 00:00:00,2003,67,RW,2,2,0,0,0.0,0.0,+1,0,0,0.0,0.0,0.0,0.0,0.0,0.0,0.0,0.0,0.0,1.0,0.0,1.0,0,0
1018605,2,A,Portland Winterhawks,28763,9132,Marcus Nguyen,2004-08-02 00:00:00,2004,72,RW,4,4,1,0,1.0,1.0,+1,0,0,1.0,0.0,0.0,0.0,0.0,0.0,0.0,0.0,0.0,1.0,0.0,1.0,0,0
1018605,2,A,Portland Winterhawks,28760,9129,Luca Cagnoni,2004-12-21 00:00:00,2004,73,D,4,4,0,0,0.0,0.0,+2,0,0,0.0,0.0,0.0,0.0,0.0,0.0,0.0,0.0,0.0,2.0,0.0,1.0,0,0
1018605,2,A,Portland Winterhawks,28815,9213,Luke Schelter,2004-04-06 00:00:00,2004,77,RW,2,2,0,0,0.0,0.0,0,0,0,0.0,0.0,0.0,0.0,0.0,0.0,0.0,0.0,0.0,0.0,0.0,0.5,2,6
1018605,2,A,Portland Winterhawks,29006,9485,Diego Buttazzoni,2006-01-13 00:00:00,2006,90,C,1,1,0,0,0.0,0.0,0,0,2,0.0,0.0,0.0,0.0,0.0,0.0,0.0,0.0,0.0,0.0,0.0,0.5,7,15
1018605,2,A,Portland Winterhawks,29258,9758,Alex Thompson,2006-01-16 00:00:00,2006,91,D,2,2,0,0,0.0,0.0,0,0,2,0.0,0.0,0.0,0.0,0.0,0.0,0.0,0.0,0.0,0.0,0.0,0.5,0,0
1018605,2,A,Portland Winterhawks,28323,8644,Jack O'Brien,2003-05-14 00:00:00,2003,92,C,1,1,0,2,1.0,2.0,+1,0,2,0.0,1.0,0.0,0.0,1.0,0.0,0.0,0.0,0.0,1.0,0.0,1.0,11,18
1018605,2,A,Portland Winterhawks,29099,9583,Nicholas Johnson,2005-01-20 00:00:00,2005,93,C,1,1,0,0,0.0,0.0,0,0,0,0.0,0.0,0.0,0.0,0.0,0.0,0.0,0.0,0.0,0.0,0.0,0.5,3,5
1018606,3,H,Prince Albert Raiders,28454,8797,Eric Johnston,2004-02-18 00:00:00,2004,3,D,1,1,0,0,0.0,0.0,-3,0,2,0.0,0.0,0.0,0.0,0.0,0.0,0.0,0.0,0.0,0.0,3.0,0.0,0,0
1018606,3,H,Prince Albert Raiders,28778,9148,Tayem Gislason,0,0,5,D,0,0,0,0,0.0,0.0,0,0,0,0.0,0.0,0.0,0.0,0.0,0.0,0.0,0.0,0.0,0.0,0.0,0.5,0,0
1018606,3,H,Prince Albert Raiders,29148,9645,Justice Christensen,2005-08-30 00:00:00,2005,7,D,1,1,0,0,0.0,0.0,0,0,2,0.0,0.0,0.0,0.0,0.0,0.0,0.0,0.0,0.0,0.0,0.0,0.5,0,0
1018606,3,H,Prince Albert Raiders,28051,8328,Trevor Thurston,0,0,8,D,4,4,1,0,1.0,1.0,-3,0,0,1.0,0.0,0.0,0.0,0.0,0.0,0.0,0.0,0.0,0.0,3.0,0.0,0,0
1018606,3,H,Prince Albert Raiders,28536,8887,Terrell Goldsmith,2005-05-13 00:00:00,2005,10,D,1,1,1,0,0.0,1.0,-1,0,5,0.0,0.0,0.0,1.0,0.0,0.0,0.0,0.0,0.0,0.0,1.0,0.0,0,0
1018606,3,H,Prince Albert Raiders,28825,9233,Hayden Pakkala,2004-01-28 00:00:00,2004,11,C,2,2,0,0,0.0,0.0,-2,0,0,0.0,0.0,0.0,0.0,0.0,0.0,0.0,0.0,0.0,0.0,1.0,0.0,6,14
1018606,3,H,Prince Albert Raiders,28968,9423,Vladislav Shilo,2003-03-14 00:00:00,2003,15,C,2,2,0,0,0.0,0.0,-1,0,2,0.0,0.0,0.0,0.0,0.0,0.0,0.0,0.0,0.0,0.0,0.0,0.5,8,13
1018606,3,H,Prince Albert Raiders,29053,9532,Cole Peardon,2006-03-26 00:00:00,2006,16,C,1,1,0,0,0.0,0.0,0,0,2,0.0,0.0,0.0,0.0,0.0,0.0,0.0,0.0,0.0,0.0,0.0,0.5,2,4
1018606,3,H,Prince Albert Raiders,28391,8712,Keaton Sorensen,2002-01-26 00:00:00,2002,20,C,0,0,0,0,0.0,0.0,-1,0,0,0.0,0.0,0.0,0.0,0.0,0.0,0.0,0.0,0.0,0.0,0.0,0.5,2,3
1018606,3,H,Prince Albert Raiders,29150,9647,Ryder Ritchie,2006-08-03 00:00:00,2006,21,LW,3,3,0,0,0.0,0.0,-2,0,0,0.0,0.0,0.0,0.0,0.0,0.0,0.0,0.0,0.0,0.0,1.0,0.0,0,0
1018606,3,H,Prince Albert Raiders,27992,8234,Evan Herman,2002-03-22 00:00:00,2002,22,C,2,2,0,1,0.0,0.0,-3,0,4,0.0,0.0,0.0,0.0,0.0,1.0,0.0,0.0,0.0,0.0,3.0,0.0,13,22
1018606,3,H,Prince Albert Raiders,28298,8618,Sloan Stanick,2003-08-01 00:00:00,2003,23,LW,1,1,0,2,0.0,1.0,-2,0,0,0.0,0.0,1.0,0.0,1.0,0.0,0.0,0.0,0.0,0.0,3.0,0.0,0,0
1018606,3,H,Prince Albert Raiders,28403,8724,Niall Crocker,2004-07-31 00:00:00,2004,24,RW,3,3,0,0,0.0,0.0,-2,0,0,0.0,0.0,0.0,0.0,0.0,0.0,0.0,0.0,0.0,0.0,2.0,0.0,0,0
1018606,3,H,Prince Albert Raiders,28807,9201,Dallyn Peekeekoot,0,0,26,RW,1,1,0,0,0.0,0.0,-1,0,0,0.0,0.0,0.0,0.0,0.0,0.0,0.0,0.0,0.0,0.0,1.0,0.0,0,0
1018606,3,H,Prince Albert Raiders,28891,9331,Jesiah Bennett,0,0,27,RW,0,0,0,0,0.0,0.0,0,0,0,0.0,0.0,0.0,0.0,0.0,0.0,0.0,0.0,0.0,0.0,0.0,0.5,0,0
1018606,3,H,Prince Albert Raiders,29149,9646,Grady Martin,2006-04-26 00:00:00,2006,28,C,1,1,0,0,0.0,0.0,0,0,0,0.0,0.0,0.0,0.0,0.0,0.0,0.0,0.0,0.0,0.0,0.0,0.5,0,0
1018606,3,H,Prince Albert Raiders,28914,9356,Harrison Lodewyk,2005-03-01 00:00:00,2005,29,RW,0,0,0,1,1.0,1.0,0,0,0,0.0,1.0,0.0,0.0,0.0,0.0,0.0,0.0,0.0,0.0,1.0,0.0,2,3
1018606,3,H,Prince Albert Raiders,28453,8796,Tre Fouquette,0,0,32,D,0,0,0,0,0.0,0.0,-1,0,0,0.0,0.0,0.0,0.0,0.0,0.0,0.0,0.0,0.0,0.0,1.0,0.0,0,0
1018606,3,A,Saskatoon Blades,28731,9098,Ben Saunderson,2004-09-26 00:00:00,2004,2,D,0,0,0,0,0.0,0.0,0,0,0,0.0,0.0,0.0,0.0,0.0,0.0,0.0,0.0,0.0,1.0,0.0,1.0,0,0
1018606,3,A,Saskatoon Blades,27869,8066,Aidan De La Gorgendiere,2002-02-22 00:00:00,2002,5,D,3,3,1,0,1.0,1.0,+1,0,0,1.0,0.0,0.0,0.0,0.0,0.0,0.0,0.0,0.0,1.0,0.0,1.0,0,0
1018606,3,A,Saskatoon Blades,28354,8675,Brandon Lisowsky,2004-04-13 00:00:00,2004,8,LW,5,5,0,2,1.0,1.0,+3,0,4,0.0,1.0,1.0,0.0,0.0,0.0,0.0,0.0,0.0,3.0,0.0,1.0,0,0
1018606,3,A,Saskatoon Blades,28895,9335,Misha Volotovskii,2005-06-23 00:00:00,2005,17,LW,2,2,0,0,0.0,0.0,0,0,0,0.0,0.0,0.0,0.0,0.0,0.0,0.0,0.0,0.0,0.0,0.0,0.5,9,13
1018606,3,A,Saskatoon Blades,28452,8795,Vaughn Watterodt,2004-02-13 00:00:00,2004,18,LW,2,2,1,0,1.0,1.0,+1,0,0,1.0,0.0,0.0,0.0,0.0,0.0,0.0,0.0,0.0,0.0,0.0,0.5,0,1
1018606,3,A,Saskatoon Blades,28900,9340,Egor Sidorov,2004-06-18 00:00:00,2004,19,LW,3,3,2,0,2.0,2.0,+3,0,0,2.0,0.0,0.0,0.0,0.0,0.0,0.0,0.0,0.0,3.0,0.0,1.0,0,0
1018606,3,A,Saskatoon Blades,28901,9341,Tyler Parr,2005-01-30 00:00:00,2005,20,C,2,2,0,0,0.0,0.0,+1,0,0,0.0,0.0,0.0,0.0,0.0,0.0,0.0,0.0,0.0,2.0,0.0,1.0,1,1
1018606,3,A,Saskatoon Blades,28894,9334,Rowan Calvert,2005-09-01 00:00:00,2005,23,LW,0,0,0,0,0.0,0.0,0,0,0,0.0,0.0,0.0,0.0,0.0,0.0,0.0,0.0,0.0,0.0,0.0,0.5,0,0
1018606,3,A,Saskatoon Blades,28718,9069,Tanner Molendyk,2005-02-03 00:00:00,2005,24,D,4,4,0,0,0.0,0.0,+2,0,0,0.0,0.0,0.0,0.0,0.0,0.0,0.0,0.0,0.0,2.0,0.0,1.0,0,0
1018606,3,A,Saskatoon Blades,28355,8676,Spencer Shugrue,2003-07-09 00:00:00,2003,26,D,1,1,0,1,0.0,0.0,+2,0,4,0.0,0.0,1.0,0.0,0.0,0.0,0.0,0.0,0.0,1.0,0.0,1.0,0,2
1018606,3,A,Saskatoon Blades,28733,9100,Lukas Hansen,2005-02-22 00:00:00,2005,28,C,0,0,0,0,0.0,0.0,+3,0,2,0.0,0.0,0.0,0.0,0.0,0.0,0.0,0.0,0.0,2.0,0.0,1.0,1,16
1018606,3,A,Saskatoon Blades,28903,9343,Jordan Keller,2005-03-08 00:00:00,2005,29,LW,2,2,0,0,0.0,0.0,0,0,0,0.0,0.0,0.0,0.0,0.0,0.0,0.0,0.0,0.0,0.0,0.0,0.5,1,1
1018606,3,A,Saskatoon Blades,28222,8528,Trevor Wong,2003-05-04 00:00:00,2003,38,C,1,1,0,2,2.0,2.0,+2,0,4,0.0,2.0,0.0,0.0,0.0,0.0,0.0,0.0,0.0,2.0,0.0,1.0,13,22
1018606,3,A,Saskatoon Blades,28310,8631,Justin Lies,2003-11-24 00:00:00,2003,43,RW,2,2,0,1,0.0,0.0,0,0,5,0.0,0.0,1.0,0.0,0.0,0.0,0.0,0.0,0.0,0.0,0.0,0.5,1,2
1018606,3,A,Saskatoon Blades,29164,9662,Tomas Zizka,2005-05-28 00:00:00,2005,45,D,0,0,0,0,0.0,0.0,+1,0,0,0.0,0.0,0.0,0.0,0.0,0.0,0.0,0.0,0.0,1.0,0.0,1.0,0,0
1018606,3,A,Saskatoon Blades,29122,9615,Smyth Rebman,2006-01-20 00:00:00,2006,46,C,1,1,0,0,0.0,0.0,0,0,0,0.0,0.0,0.0,0.0,0.0,0.0,0.0,0.0,0.0,0.0,0.0,0.5,0,1
1018606,3,A,Saskatoon Blades,28068,8345,Charlie Wright,2003-10-22 00:00:00,2003,47,D,3,3,1,0,1.0,1.0,+1,0,0,1.0,0.0,0.0,0.0,0.0,0.0,0.0,0.0,0.0,2.0,0.0,1.0,0,0
1018606,3,A,Saskatoon Blades,28069,8346,Marek Schneider,2003-02-05 00:00:00,2003,55,D,0,0,0,1,1.0,1.0,+1,0,0,0.0,1.0,0.0,0.0,0.0,0.0,0.0,0.0,0.0,0.0,0.0,0.5,0,0
1018607,4,H,Prince George Cougars,28917,9359,Bauer Dumanski,2005-01-05 00:00:00,2005,2,D,4,4,0,0,0.0,0.0,0,0,0,0.0,0.0,0.0,0.0,0.0,0.0,0.0,0.0,0.0,0.0,0.0,0.5,0,0
1018607,4,H,Prince George Cougars,28921,9363,Ephram McNutt,2005-05-04 00:00:00,2005,3,D,1,1,1,1,1.0,1.0,+2,0,0,1.0,0.0,1.0,0.0,0.0,0.0,0.0,0.0,0.0,2.0,0.0,1.0,0,0
1018607,4,H,Prince George Cougars,28919,9361,Viliam Kmec,2004-01-02 00:00:00,2004,6,D,1,1,0,0,0.0,0.0,+1,0,2,0.0,0.0,0.0,0.0,0.0,0.0,0.0,0.0,0.0,1.0,0.0,1.0,0,0
1018607,4,H,Prince George Cougars,28922,9364,Caden Brown,2005-03-22 00:00:00,2005,8,RW,2,2,0,1,1.0,1.0,+2,0,0,0.0,1.0,0.0,0.0,0.0,0.0,0.0,0.0,0.0,2.0,0.0,1.0,0,0
1018607,4,H,Prince George Cougars,27874,8071,Noah Boyko,0,0,9,LW,1,1,0,0,0.0,0.0,0,0,0,0.0,0.0,0.0,0.0,0.0,0.0,0.0,0.0,0.0,0.0,0.0,0.5,0,0
1018607,4,H,Prince George Cougars,28794,9186,Hudson Thornton,2003-11-04 00:00:00,2003,12,D,3,3,0,1,0.0,0.0,0,0,2,0.0,0.0,1.0,0.0,0.0,0.0,0.0,0.0,0.0,1.0,1.0,0.5,0,0
1018607,4,H,Prince George Cougars,28489,8840,Koehn Ziemmer,2004-12-08 00:00:00,2004,13,RW,3,3,1,0,0.0,1.0,-1,0,0,0.0,0.0,0.0,1.0,0.0,0.0,0.0,0.0,0.0,0.0,1.0,0.0,5,9
1018607,4,H,Prince George Cougars,28393,8714,Cayden Glover,2004-01-11 00:00:00,2004,14,LW,0,0,0,0,0.0,0.0,+1,0,0,0.0,0.0,0.0,0.0,0.0,0.0,0.0,0.0,0.0,1.0,0.0,1.0,0,0
1018607,4,H,Prince George Cougars,28796,9188,Carter MacAdams,2004-03-07 00:00:00,2004,16,LW,2,2,2,1,3.0,3.0,+2,0,0,2.0,1.0,0.0,0.0,0.0,0.0,0.0,0.0,0.0,3.0,1.0,0.75,0,0
1018607,4,H,Prince George Cougars,28924,9366,Ryker Singer,2005-04-19 00:00:00,2005,17,C,3,3,0,0,0.0,0.0,+1,0,8,0.0,0.0,0.0,0.0,0.0,0.0,0.0,0.0,0.0,2.0,1.0,0.6666666666666666,5,7
1018607,4,H,Prince George Cougars,28809,9204,Carlin Dezainde,2004-12-29 00:00:00,2004,19,C,1,1,0,0,0.0,0.0,0,0,0,0.0,0.0,0.0,0.0,0.0,0.0,0.0,0.0,0.0,0.0,0.0,0.5,4,14
1018607,4,H,Prince George Cougars,28413,8734,Fischer O'Brien,2003-03-01 00:00:00,2003,20,LW,1,1,0,0,0.0,0.0,0,0,0,0.0,0.0,0.0,0.0,0.0,0.0,0.0,0.0,0.0,0.0,0.0,0.5,0,2
1018607,4,H,Prince George Cougars,29267,9767,Ondrej Becher,2004-02-22 00:00:00,2004,21,RW,2,2,1,1,2.0,2.0,+2,0,0,1.0,1.0,0.0,0.0,0.0,0.0,0.0,0.0,0.0,2.0,0.0,1.0,3,5
1018607,4,H,Prince George Cougars,28488,8839,Keaton Dowhaniuk,2004-02-08 00:00:00,2004,24,D,5,5,0,1,0.0,1.0,+1,0,0,0.0,0.0,0.0,0.0,1.0,0.0,0.0,0.0,0.0,2.0,1.0,0.6666666666666666,0,0
1018607,4,H,Prince George Cougars,29041,9520,Tyson Buczkowski,0,0,25,D,2,2,0,0,0.0,0.0,+2,0,2,0.0,0.0,0.0,0.0,0.0,0.0,0.0,0.0,0.0,2.0,0.0,1.0,0,0
1018607,4,H,Prince George Cougars,28798,9190,Riley Heidt,2005-03-25 00:00:00,2005,27,C,2,2,0,0,0.0,0.0,0,0,0,0.0,0.0,0.0,0.0,0.0,0.0,0.0,0.0,0.0,0.0,0.0,0.5,10,21
1018607,4,H,Prince George Cougars,28417,8738,Blake Eastman,2003-05-05 00:00:00,2003,28,RW,3,3,0,2,1.0,1.0,+2,0,4,0.0,1.0,1.0,0.0,0.0,0.0,0.0,0.0,0.0,2.0,0.0,1.0,0,1
1018607,4,H,Prince George Cougars,28420,8741,Chase Wheatcroft,2002-05-28 00:00:00,2002,29,C,5,5,0,1,0.0,0.0,0,0,0,0.0,0.0,0.0,0.0,0.0,1.0,0.0,0.0,0.0,0.0,0.0,0.5,0,0
1018607,4,A,Tri-City Americans,28523,8874,Lukas Dragicevic,2005-04-25 00:00:00,2005,2,RD,3,3,0,0,0.0,0.0,-1,0,6,0.0,0.0,0.0,0.0,0.0,0.0,0.0,0.0,0.0,1.0,2.0,0.3333333333333333,0,0
1018607,4,A,Tri-City Americans,28500,8851,Ben Feenan,0,0,3,LD,0,0,0,0,0.0,0.0,-2,0,2,0.0,0.0,0.0,0.0,0.0,0.0,0.0,0.0,0.0,0.0,2.0,0.0,0,0
1018607,4,A,Tri-City Americans,28330,8651,Ian Ferguson,0,0,4,LD,2,2,1,0,1.0,1.0,+1,0,4,1.0,0.0,0.0,0.0,0.0,0.0,0.0,0.0,0.0,1.0,0.0,1.0,0,0
1018607,4,A,Tri-City Americans,29020,9499,Merrek Arpin,2006-05-31 00:00:00,2006,6,RD,1,1,0,0,0.0,0.0,-2,0,2,0.0,0.0,0.0,0.0,0.0,0.0,0.0,0.0,0.0,0.0,2.0,0.0,0,0
1018607,4,A,Tri-City Americans,28875,9315,Drew Freer,2005-01-26 00:00:00,2005,9,RW,2,2,0,0,0.0,0.0,-1,0,0,0.0,0.0,0.0,0.0,0.0,0.0,0.0,0.0,0.0,0.0,1.0,0.0,0,0
1018607,4,A,Tri-City Americans,28882,9322,Andrew Fan,2004-06-30 00:00:00,2004,11,RW,0,0,0,0,0.0,0.0,0,0,0,0.0,0.0,0.0,0.0,0.0,0.0,0.0,0.0,0.0,1.0,1.0,0.5,0,0
1018607,4,A,Tri-City Americans,29282,9782,Nick Anisimovicz,0,0,12,C,0,0,0,0,0.0,0.0,0,0,0,0.0,0.0,0.0,0.0,0.0,0.0,0.0,0.0,0.0,0.0,0.0,0.5,0,0
1018607,4,A,Tri-City Americans,29016,9495,Jordan Gavin,2006-11-13 00:00:00,2006,13,C,1,1,0,0,0.0,0.0,-2,0,0,0.0,0.0,0.0,0.0,0.0,0.0,0.0,0.0,0.0,0.0,2.0,0.0,1,1
1018607,4,A,Tri-City Americans,28326,8647,Jake Sloan,2004-02-13 00:00:00,2004,15,C,3,3,0,1,1.0,1.0,-2,0,2,0.0,1.0,0.0,0.0,0.0,0.0,0.0,0.0,0.0,1.0,3.0,0.25,10,20
1018607,4,A,Tri-City Americans,28876,9316,Dwayne Jean Jr.,2004-04-08 00:00:00,2004,18,RW,1,1,0,0,0.0,0.0,-1,0,0,0.0,0.0,0.0,0.0,0.0,0.0,0.0,0.0,0.0,0.0,1.0,0.0,7,11
1018607,4,A,Tri-City Americans,28329,8650,Tyson Greenway,2003-01-15 00:00:00,2003,23,C,2,2,0,0,0.0,0.0,-1,0,2,0.0,0.0,0.0,0.0,0.0,0.0,0.0,0.0,0.0,0.0,1.0,0.0,4,7
1018607,4,A,Tri-City Americans,28534,8885,Deagan McMillan,2005-01-21 00:00:00,2005,24,C,0,0,0,0,0.0,0.0,-1,0,0,0.0,0.0,0.0,0.0,0.0,0.0,0.0,0.0,0.0,1.0,2.0,0.3333333333333333,0,0
1018607,4,A,Tri-City Americans,27980,8222,Reese Belton,2002-04-09 00:00:00,2002,29,C,1,1,0,0,0.0,0.0,0,0,2,0.0,0.0,0.0,0.0,0.0,0.0,0.0,0.0,0.0,0.0,0.0,0.5,1,3
1018607,4,A,Tri-City Americans,29285,9785,Adam Mechura,2003-01-31 00:00:00,2003,31,C,1,1,0,0,0.0,0.0,0,0,0,0.0,0.0,0.0,0.0,0.0,0.0,0.0,0.0,0.0,0.0,0.0,0.5,6,10
1018607,4,A,Tri-City Americans,28745,9113,Alex Serraglio,2003-02-10 00:00:00,2003,37,LD,0,0,0,0,0.0,0.0,-2,0,2,0.0,0.0,0.0,0.0,0.0,0.0,0.0,0.0,0.0,0.0,2.0,0.0,0,0
1018607,4,A,Tri-City Americans,28002,8244,Ethan Ernst,2002-01-26 00:00:00,2002,39,RW,6,6,0,0,0.0,0.0,-1,0,0,0.0,0.0,0.0,0.0,0.0,0.0,0.0,0.0,0.0,0.0,1.0,0.0,2,3
1018607,4,A,Tri-City Americans,28490,8841,Chase Friedt-Mohr,2003-08-21 00:00:00,2003,44,D,0,0,0,0,0.0,0.0,0,0,17,0.0,0.0,0.0,0.0,0.0,0.0,0.0,0.0,0.0,0.0,0.0,0.5,0,0
1018607,4,A,Tri-City Americans,28878,9318,Elouann Lemonnier,2004-07-10 00:00:00,2004,60,LW,1,1,0,0,0.0,0.0,0,0,0,0.0,0.0,0.0,0.0,0.0,0.0,0.0,0.0,0.0,0.0,0.0,0.5,0,3
1018607,4,A,Tri-City Americans,29286,9786,Camerin Cardona,2006-01-01 00:00:00,2006,88,C,0,0,0,0,0.0,0.0,0,0,0,0.0,0.0,0.0,0.0,0.0,0.0,0.0,0.0,0.0,0.0,0.0,0.5,1,1
1018608,5,H,Regina Pats,27821,8016,Luke Bateman,2002-09-19 00:00:00,2002,3,D,0,0,0,0,0.0,0.0,-1,0,2,0.0,0.0,0.0,0.0,0.0,0.0,0.0,0.0,0.0,0.0,1.0,0.0,0,0
1018608,5,H,Regina Pats,29248,9748,Kolten Bridgeman,0,0,4,D,2,2,0,0,0.0,0.0,+1,0,0,0.0,0.0,0.0,0.0,0.0,0.0,0.0,0.0,0.0,1.0,0.0,1.0,0,0
1018608,5,H,Regina Pats,27844,8039,Cole Dubinsky,2002-12-04 00:00:00,2002,18,LW,5,5,1,0,1.0,1.0,+2,0,0,1.0,0.0,0.0,0.0,0.0,0.0,0.0,0.0,0.0,3.0,1.0,0.75,11,25
1018608,5,H,Regina Pats,28281,8593,Tye Spencer,2004-06-27 00:00:00,2004,19,RW,4,4,2,0,2.0,2.0,+3,0,0,2.0,0.0,0.0,0.0,0.0,0.0,0.0,0.0,0.0,3.0,0.0,1.0,2,3
1018608,5,H,Regina Pats,29216,9715,Corban Almen,0,0,21,C,0,0,0,0,0.0,0.0,-2,0,0,0.0,0.0,0.0,0.0,0.0,0.0,0.0,0.0,0.0,0.0,2.0,0.0,2,5
1018608,5,H,Regina Pats,28407,8728,Adam McNutt,2003-05-07 00:00:00,2003,22,D,2,2,0,0,0.0,0.0,0,0,2,0.0,0.0,0.0,0.0,0.0,0.0,0.0,0.0,0.0,2.0,2.0,0.5,0,0
1018608,5,H,Regina Pats,28294,8614,Zane Rowan,2004-05-27 00:00:00,2004,25,LW,2,2,0,1,0.0,0.0,+1,0,0,0.0,0.0,1.0,0.0,0.0,0.0,0.0,0.0,0.0,1.0,0.0,1.0,1,4
1018608,5,H,Regina Pats,28860,9274,Borya Valis,2004-04-08 00:00:00,2004,27,RW,3,3,1,0,1.0,1.0,-1,0,4,1.0,0.0,0.0,0.0,0.0,0.0,0.0,0.0,0.0,1.0,2.0,0.3333333333333333,0,0
1018608,5,H,Regina Pats,28521,8872,Matteo Michels,2005-06-29 00:00:00,2005,34,C,1,1,0,0,0.0,0.0,-1,0,0,0.0,0.0,0.0,0.0,0.0,0.0,0.0,0.0,0.0,0.0,1.0,0.0,5,9
1018608,5,H,Regina Pats,28494,8845,Easton Armstrong,2003-01-24 00:00:00,2003,37,RW,1,1,0,2,1.0,1.0,+2,0,0,0.0,1.0,1.0,0.0,0.0,0.0,0.0,0.0,0.0,2.0,0.0,1.0,0,0
1018608,5,H,Regina Pats,28861,9275,Brayden Barnett,2004-08-05 00:00:00,2004,38,C,0,0,0,0,0.0,0.0,-2,0,0,0.0,0.0,0.0,0.0,0.0,0.0,0.0,0.0,0.0,0.0,2.0,0.0,0,0
1018608,5,H,Regina Pats,28290,8610,Parker Berge,2003-01-13 00:00:00,2003,40,D,3,3,0,1,1.0,1.0,+1,0,0,0.0,1.0,0.0,0.0,0.0,0.0,0.0,0.0,0.0,3.0,2.0,0.6,0,0
1018608,5,H,Regina Pats,29087,9571,Corbin Vaughan,2006-01-10 00:00:00,2006,41,LD,1,1,0,0,0.0,0.0,-2,0,0,0.0,0.0,0.0,0.0,0.0,0.0,0.0,0.0,0.0,0.0,2.0,0.0,0,0
1018608,5,H,Regina Pats,28816,9215,Tanner Howe,2005-11-28 00:00:00,2005,43,LW,0,0,0,1,1.0,1.0,-1,0,2,0.0,1.0,0.0,0.0,0.0,0.0,0.0,0.0,0.0,1.0,2.0,0.3333333333333333,5,5
1018608,5,H,Regina Pats,28293,8613,Layton Feist,2004-01-26 00:00:00,2004,44,D,1,1,0,2,1.0,1.0,+1,0,0,0.0,1.0,1.0,0.0,0.0,0.0,0.0,0.0,0.0,2.0,1.0,0.6666666666666666,0,0
1018608,5,H,Regina Pats,29086,9570,Jaxsin Vaughan,2006-01-10 00:00:00,2006,51,RW,3,3,0,0,0.0,0.0,-1,0,0,0.0,0.0,0.0,0.0,0.0,0.0,0.0,0.0,0.0,0.0,1.0,0.0,0,0
1018608,5,H,Regina Pats,28750,9119,Braxton Whitehead,2004-06-09 00:00:00,2004,52,C,1,1,0,0,0.0,0.0,+1,0,0,0.0,0.0,0.0,0.0,0.0,0.0,0.0,0.0,0.0,1.0,0.0,1.0,0,1
1018608,5,H,Regina Pats,28747,9116,Connor Bedard,2005-07-17 00:00:00,2005,98,C,10,10,0,0,0.0,0.0,-1,0,0,0.0,0.0,0.0,0.0,0.0,0.0,0.0,0.0,0.0,0.0,1.0,0.0,9,15
1018608,5,A,Moose Jaw Warriors,29090,9574,Brady Ness,0,0,2,D,0,0,0,0,0.0,0.0,0,0,0,0.0,0.0,0.0,0.0,0.0,0.0,0.0,0.0,0.0,0.0,0.0,0.5,0,0
1018608,5,A,Moose Jaw Warriors,28085,8362,Lucas Brenton,2003-04-23 00:00:00,2003,3,D,2,2,0,1,1.0,1.0,+2,0,0,0.0,1.0,0.0,0.0,0.0,0.0,0.0,0.0,0.0,3.0,1.0,0.75,0,0
1018608,5,A,Moose Jaw Warriors,29089,9573,Marek Howell,2006-05-19 00:00:00,2006,4,D,2,2,0,0,0.0,0.0,0,0,0,0.0,0.0,0.0,0.0,0.0,0.0,0.0,0.0,0.0,2.0,2.0,0.5,0,0
1018608,5,A,Moose Jaw Warriors,29226,9726,Connor Schmidt,0,0,10,D,0,0,0,0,0.0,0.0,+1,0,0,0.0,0.0,0.0,0.0,0.0,0.0,0.0,0.0,0.0,1.0,0.0,1.0,0,0
1018608,5,A,Moose Jaw Warriors,28899,9339,Harper Lolacher,2005-01-30 00:00:00,2005,11,C,0,0,0,1,1.0,1.0,0,0,0,0.0,1.0,0.0,0.0,0.0,0.0,0.0,0.0,0.0,1.0,1.0,0.5,0,0
1018608,5,A,Moose Jaw Warriors,29127,9621,Cosmo Wilson,2005-01-09 00:00:00,2005,12,D,0,0,0,0,0.0,0.0,0,0,0,0.0,0.0,0.0,0.0,0.0,0.0,0.0,0.0,0.0,1.0,1.0,0.5,0,0
1018608,5,A,Moose Jaw Warriors,29228,9728,Ethan Hughes,0,0,14,C,0,0,0,0,0.0,0.0,-1,0,0,0.0,0.0,0.0,0.0,0.0,0.0,0.0,0.0,0.0,0.0,1.0,0.0,6,8
1018608,5,A,Moose Jaw Warriors,28893,9333,Ben Riche,2005-03-15 00:00:00,2005,15,C,3,3,2,0,1.0,2.0,0,0,0,1.0,0.0,0.0,1.0,0.0,0.0,0.0,0.0,0.0,1.0,1.0,0.5,1,4
1018608,5,A,Moose Jaw Warriors,29121,9614,Lynden Lakovic,2006-12-12 00:00:00,2006,17,C,3,3,1,0,1.0,1.0,+1,0,0,1.0,0.0,0.0,0.0,0.0,0.0,0.0,0.0,0.0,1.0,0.0,1.0,1,4
1018608,5,A,Moose Jaw Warriors,28777,9147,Riley Niven,2003-03-19 00:00:00,2003,18,LW,1,1,0,1,1.0,1.0,-1,0,2,0.0,1.0,0.0,0.0,0.0,0.0,0.0,0.0,0.0,1.0,2.0,0.3333333333333333,0,0
1018608,5,A,Moose Jaw Warriors,28892,9332,Thomas Tien,0,0,20,RW,1,1,0,2,0.0,0.0,+3,0,0,0.0,0.0,2.0,0.0,0.0,0.0,0.0,0.0,0.0,3.0,0.0,1.0,0,0
1018608,5,A,Moose Jaw Warriors,28897,9337,Tate Schofer,2004-04-13 00:00:00,2004,21,RW,0,0,0,1,1.0,1.0,-1,0,2,0.0,1.0,0.0,0.0,0.0,0.0,0.0,0.0,0.0,1.0,2.0,0.3333333333333333,0,0
1018608,5,A,Moose Jaw Warriors,28295,8615,Josh Hoekstra,2003-02-19 00:00:00,2003,22,LW,2,2,1,1,1.0,1.0,-1,0,2,1.0,0.0,1.0,0.0,0.0,0.0,0.0,0.0,0.0,2.0,3.0,0.4,12,20
1018608,5,A,Moose Jaw Warriors,28302,8622,Atley Calvert,2003-09-17 00:00:00,2003,23,C,1,1,1,1,1.0,2.0,-1,0,0,1.0,0.0,0.0,0.0,1.0,0.0,0.0,0.0,0.0,1.0,2.0,0.3333333333333333,2,2
1018608,5,A,Moose Jaw Warriors,28896,9336,Nathan Pilling,0,0,26,LW,2,2,0,0,0.0,0.0,-1,0,0,0.0,0.0,0.0,0.0,0.0,0.0,0.0,0.0,0.0,0.0,1.0,0.0,0,0
1018608,5,A,Moose Jaw Warriors,28780,9153,Brayden Yager,2005-01-03 00:00:00,2005,29,C,3,3,0,1,0.0,0.0,+1,0,0,0.0,0.0,0.0,0.0,0.0,1.0,0.0,0.0,0.0,1.0,0.0,1.0,10,28
1018608,5,A,Moose Jaw Warriors,29231,9731,Owen Berge,0,0,34,C,0,0,0,0,0.0,0.0,0,0,0,0.0,0.0,0.0,0.0,0.0,0.0,0.0,0.0,0.0,0.0,0.0,0.5,0,1
1018608,5,A,Moose Jaw Warriors,28898,9338,Matthew Gallant,2004-01-16 00:00:00,2004,39,D,0,0,0,0,0.0,0.0,-2,0,2,0.0,0.0,0.0,0.0,0.0,0.0,0.0,0.0,0.0,1.0,3.0,0.25,0,0
1018609,6,H,Swift Current Broncos,28936,9379,Rayan Bettahar,0,0,2,D,1,1,0,0,0.0,0.0,0,0,2,0.0,0.0,0.0,0.0,0.0,0.0,0.0,0.0,0.0,0.0,0.0,0.5,0,0
1018609,6,H,Swift Current Broncos,28738,9105,Kayden Sadhra-Kang,2003-05-25 00:00:00,2003,4,D,1,1,0,0,0.0,0.0,0,0,0,0.0,0.0,0.0,0.0,0.0,0.0,0.0,0.0,0.0,0.0,0.0,0.5,0,0
1018609,6,H,Swift Current Broncos,29108,9597,Josh Fluker,2006-01-03 00:00:00,2006,5,D,1,1,0,0,0.0,0.0,0,0,0,0.0,0.0,0.0,0.0,0.0,0.0,0.0,0.0,0.0,1.0,1.0,0.5,0,0
1018609,6,H,Swift Current Broncos,29128,9622,Sam Ward,2005-08-03 00:00:00,2005,7,D,0,0,0,0,0.0,0.0,0,0,0,0.0,0.0,0.0,0.0,0.0,0.0,0.0,0.0,0.0,0.0,0.0,0.5,0,0
1018609,6,H,Swift Current Broncos,28344,8665,Mathew Ward,2004-01-24 00:00:00,2004,10,C,0,0,0,0,0.0,0.0,0,0,2,0.0,0.0,0.0,0.0,0.0,0.0,0.0,0.0,0.0,0.0,0.0,0.5,5,10
1018609,6,H,Swift Current Broncos,28938,9381,Rylan Gould,2005-08-05 00:00:00,2005,12,LW,0,0,0,0,0.0,0.0,0,0,0,0.0,0.0,0.0,0.0,0.0,0.0,0.0,0.0,0.0,1.0,1.0,0.5,1,4
1018609,6,H,Swift Current Broncos,28939,9382,Luke Mistelbacher,2005-11-02 00:00:00,2005,13,LW,2,2,1,0,1.0,1.0,+1,0,0,1.0,0.0,0.0,0.0,0.0,0.0,0.0,0.0,0.0,1.0,0.0,1.0,2,3
1018609,6,H,Swift Current Broncos,28944,9387,Connor Gabriel,2005-08-12 00:00:00,2005,14,C,0,0,0,0,0.0,0.0,-1,0,0,0.0,0.0,0.0,0.0,0.0,0.0,0.0,0.0,0.0,0.0,1.0,0.0,1,3
1018609,6,H,Swift Current Broncos,27967,8209,Raphael Pelletier,2002-03-20 00:00:00,2002,15,C,3,3,0,0,0.0,0.0,0,0,0,0.0,0.0,0.0,0.0,0.0,0.0,0.0,0.0,0.0,0.0,0.0,0.5,3,4
1018609,6,H,Swift Current Broncos,28775,9145,Brady Birnie,2005-09-07 00:00:00,2005,16,LW,5,5,0,1,1.0,1.0,+1,0,0,0.0,1.0,0.0,0.0,0.0,0.0,0.0,0.0,0.0,1.0,0.0,1.0,4,17
1018609,6,H,Swift Current Broncos,28810,9205,Karson King,0,0,18,RW,0,0,0,0,0.0,0.0,-1,0,0,0.0,0.0,0.0,0.0,0.0,0.0,0.0,0.0,0.0,0.0,1.0,0.0,0,0
1018609,6,H,Swift Current Broncos,28342,8663,Braeden Lewis,2003-05-21 00:00:00,2003,20,C,2,2,0,0,0.0,0.0,0,0,0,0.0,0.0,0.0,0.0,0.0,0.0,0.0,0.0,0.0,0.0,0.0,0.5,8,11
1018609,6,H,Swift Current Broncos,27988,8230,Landon Roberts,0,0,23,LW,2,2,0,0,0.0,0.0,0,0,2,0.0,0.0,0.0,0.0,0.0,0.0,0.0,0.0,0.0,0.0,0.0,0.5,0,1
1018609,6,H,Swift Current Broncos,29103,9590,Clarke Caswell,2006-02-02 00:00:00,2006,25,LW,1,1,0,0,0.0,0.0,0,0,0,0.0,0.0,0.0,0.0,0.0,0.0,0.0,0.0,0.0,0.0,0.0,0.5,0,0
1018609,6,H,Swift Current Broncos,28042,8319,Sam McGinley,2002-12-03 00:00:00,2002,28,D,1,1,0,1,0.0,0.0,0,0,2,0.0,0.0,1.0,0.0,0.0,0.0,0.0,0.0,0.0,1.0,1.0,0.5,0,0
1018609,6,H,Swift Current Broncos,28941,9384,Van Eger,2005-03-18 00:00:00,2005,29,RW,0,0,0,0,0.0,0.0,0,0,2,0.0,0.0,0.0,0.0,0.0,0.0,0.0,0.0,0.0,0.0,0.0,0.5,0,0
1018609,6,H,Swift Current Broncos,28937,9380,Grayson Burzynski,2005-06-04 00:00:00,2005,38,D,0,0,0,0,0.0,0.0,0,0,0,0.0,0.0,0.0,0.0,0.0,0.0,0.0,0.0,0.0,0.0,0.0,0.5,0,0
1018609,6,H,Swift Current Broncos,29100,9585,Ty Hurley,2004-06-16 00:00:00,2004,39,LW,0,0,0,0,0.0,0.0,0,0,2,0.0,0.0,0.0,0.0,0.0,0.0,0.0,0.0,0.0,0.0,0.0,0.5,0,0
1018609,6,A,Calgary Hitmen,28131,8409,Trey Patterson,2003-04-25 00:00:00,2003,3,D,0,0,0,0,0.0,0.0,0,0,2,0.0,0.0,0.0,0.0,0.0,0.0,0.0,0.0,0.0,0.0,0.0,0.5,0,0
1018609,6,A,Calgary Hitmen,28765,9134,Blake Heward,2003-09-07 00:00:00,2003,4,D,0,0,0,0,0.0,0.0,-1,0,0,0.0,0.0,0.0,0.0,0.0,0.0,0.0,0.0,0.0,0.0,1.0,0.0,0,0
1018609,6,A,Calgary Hitmen,28191,8469,Keagan Slaney,2003-04-10 00:00:00,2003,7,D,1,1,0,0,0.0,0.0,0,0,4,0.0,0.0,0.0,0.0,0.0,0.0,0.0,0.0,0.0,0.0,0.0,0.5,0,0
1018609,6,A,Calgary Hitmen,28429,8750,Grayden Siepmann,2004-05-26 00:00:00,2004,8,D,1,1,0,2,0.0,1.0,+1,0,0,0.0,0.0,1.0,0.0,1.0,0.0,0.0,0.0,0.0,1.0,0.0,1.0,0,0
1018609,6,A,Calgary Hitmen,28472,8815,Billal Noori,2004-04-27 00:00:00,2004,9,RW,1,1,0,0,0.0,0.0,0,0,0,0.0,0.0,0.0,0.0,0.0,0.0,0.0,0.0,0.0,0.0,0.0,0.5,0,0
1018609,6,A,Calgary Hitmen,28927,9369,Matteo Danis,2005-03-27 00:00:00,2005,11,C,3,3,0,0,0.0,0.0,0,0,0,0.0,0.0,0.0,0.0,0.0,0.0,0.0,0.0,0.0,0.0,0.0,0.5,2,6
1018609,6,A,Calgary Hitmen,29289,9789,Vojtech Husinecky,2005-08-29 00:00:00,2005,12,D,1,1,0,0,0.0,0.0,-1,0,0,0.0,0.0,0.0,0.0,0.0,0.0,0.0,0.0,0.0,0.0,1.0,0.0,0,0
1018609,6,A,Calgary Hitmen,29243,9743,Tomis Marinkovic,2004-02-15 00:00:00,2004,14,C,0,0,0,1,1.0,1.0,+1,0,0,0.0,1.0,0.0,0.0,0.0,0.0,0.0,0.0,0.0,1.0,0.0,1.0,2,7
1018609,6,A,Calgary Hitmen,29058,9539,Maxim Muranov,2004-06-02 00:00:00,2004,15,LW,1,1,1,0,1.0,1.0,0,0,0,1.0,0.0,0.0,0.0,0.0,0.0,0.0,0.0,0.0,1.0,1.0,0.5,0,1
1018609,6,A,Calgary Hitmen,29129,9623,Carson Wetsch,2006-05-04 00:00:00,2006,16,C,3,3,1,0,0.0,1.0,0,0,0,0.0,0.0,0.0,1.0,0.0,0.0,0.0,0.0,0.0,0.0,0.0,0.5,0,0
1018609,6,A,Calgary Hitmen,28929,9371,David Adaszynski,2005-05-25 00:00:00,2005,17,LW,1,1,0,0,0.0,0.0,0,0,0,0.0,0.0,0.0,0.0,0.0,0.0,0.0,0.0,0.0,0.0,0.0,0.5,0,0
1018609,6,A,Calgary Hitmen,29095,9579,Ethan Moore,2005-02-23 00:00:00,2005,18,LW,1,1,0,0,0.0,0.0,-1,0,0,0.0,0.0,0.0,0.0,0.0,0.0,0.0,0.0,0.0,0.0,1.0,0.0,2,4
1018609,6,A,Calgary Hitmen,28238,8545,Steel Quiring,2003-01-15 00:00:00,2003,23,RW,2,2,0,1,0.0,0.0,-1,0,0,0.0,0.0,0.0,0.0,0.0,1.0,0.0,0.0,0.0,0.0,1.0,0.0,7,11
1018609,6,A,Calgary Hitmen,28218,8504,Zac Funk,2003-07-20 00:00:00,2003,24,RW,2,2,0,0,0.0,0.0,0,0,7,0.0,0.0,0.0,0.0,0.0,0.0,0.0,0.0,0.0,0.0,0.0,0.5,0,0
1018609,6,A,Calgary Hitmen,28930,9372,Carter Yakemchuk,2005-09-29 00:00:00,2005,26,D,3,3,0,0,0.0,0.0,+1,0,0,0.0,0.0,0.0,0.0,0.0,0.0,0.0,0.0,0.0,1.0,0.0,1.0,0,0
1018609,6,A,Calgary Hitmen,28425,8746,Brandon Whynott,2004-04-16 00:00:00,2004,27,LW,0,0,0,0,0.0,0.0,0,0,0,0.0,0.0,0.0,0.0,0.0,0.0,0.0,0.0,0.0,0.0,0.0,0.5,1,3
1018609,6,A,Calgary Hitmen,29241,9741,London Hoilett,2005-02-15 00:00:00,2005,32,RW,0,0,0,0,0.0,0.0,+1,0,2,0.0,0.0,0.0,0.0,0.0,0.0,0.0,0.0,0.0,1.0,0.0,1.0,0,0
1018609,6,A,Calgary Hitmen,28540,8891,Oliver Tulk,2005-01-19 00:00:00,2005,37,C,0,0,0,0,0.0,0.0,0,0,2,0.0,0.0,0.0,0.0,0.0,0.0,0.0,0.0,0.0,0.0,0.0,0.5,15,21
1018610,7,H,Vancouver Giants,27814,8009,Tom Cadieux,0,0,4,RD,1,1,0,0,0.0,0.0,-1,0,2,0.0,0.0,0.0,0.0,0.0,0.0,0.0,0.0,0.0,0.0,1.0,0.0,0,0
1018610,7,H,Vancouver Giants,28328,8649,Carson Haynes,2003-01-30 00:00:00,2003,5,LD,1,1,0,0,0.0,0.0,0,0,0,0.0,0.0,0.0,0.0,0.0,0.0,0.0,0.0,0.0,0.0,0.0,0.5,0,0
1018610,7,H,Vancouver Giants,29080,9564,Colton Roberts,2006-06-08 00:00:00,2006,6,D,1,1,0,0,0.0,0.0,-1,0,0,0.0,0.0,0.0,0.0,0.0,0.0,0.0,0.0,0.0,0.0,1.0,0.0,0,0
1018610,7,H,Vancouver Giants,28907,9347,Ty Halaburda,2005-04-22 00:00:00,2005,7,RW,2,2,0,0,0.0,0.0,-1,0,0,0.0,0.0,0.0,0.0,0.0,0.0,0.0,0.0,0.0,0.0,1.0,0.0,0,0
1018610,7,H,Vancouver Giants,28216,8502,Ty Thorpe,2002-01-27 00:00:00,2002,8,C,6,6,1,0,0.0,1.0,-1,0,0,0.0,0.0,0.0,1.0,0.0,0.0,0.0,0.0,0.0,0.0,1.0,0.0,15,19
1018610,7,H,Vancouver Giants,28908,9348,Damian Palmieri,2004-01-28 00:00:00,2004,13,D,2,2,0,0,0.0,0.0,-1,0,2,0.0,0.0,0.0,0.0,0.0,0.0,0.0,0.0,0.0,0.0,1.0,0.0,0,0
1018610,7,H,Vancouver Giants,28532,8883,Ethan Semeniuk,2005-04-21 00:00:00,2005,14,C,2,2,1,0,1.0,1.0,-1,0,0,1.0,0.0,0.0,0.0,0.0,0.0,0.0,0.0,0.0,1.0,2.0,0.3333333333333333,0,0
1018610,7,H,Vancouver Giants,28909,9349,Jaden Lipinski,2004-12-02 00:00:00,2004,15,C,0,0,0,1,1.0,1.0,-1,0,0,0.0,1.0,0.0,0.0,0.0,0.0,0.0,0.0,0.0,1.0,2.0,0.3333333333333333,9,15
1018610,7,H,Vancouver Giants,29132,9627,Matthew Edwards,2005-05-07 00:00:00,2005,17,RW,0,0,0,0,0.0,0.0,0,0,0,0.0,0.0,0.0,0.0,0.0,0.0,0.0,0.0,0.0,0.0,0.0,0.5,0,0
1018610,7,H,Vancouver Giants,28801,9195,Colton Langkow,2004-02-16 00:00:00,2004,18,RW,0,0,0,0,0.0,0.0,0,0,0,0.0,0.0,0.0,0.0,0.0,0.0,0.0,0.0,0.0,0.0,0.0,0.5,1,1
1018610,7,H,Vancouver Giants,28026,8291,Jacob Boucher,0,0,20,LW,3,3,0,1,0.0,0.0,0,0,0,0.0,0.0,0.0,0.0,0.0,1.0,0.0,0.0,0.0,0.0,0.0,0.5,1,5
1018610,7,H,Vancouver Giants,28311,8632,Nicco Camazzola,2003-03-18 00:00:00,2003,21,D,1,1,0,1,0.0,0.0,-2,0,0,0.0,0.0,1.0,0.0,0.0,0.0,0.0,0.0,0.0,1.0,3.0,0.25,0,0
1018610,7,H,Vancouver Giants,28915,9357,Kyle Bochek,2003-03-20 00:00:00,2003,23,RW,0,0,0,0,0.0,0.0,-1,0,0,0.0,0.0,0.0,0.0,0.0,0.0,0.0,0.0,0.0,0.0,1.0,0.0,0,0
1018610,7,H,Vancouver Giants,28797,9189,Kyren Gronick,2004-02-27 00:00:00,2004,27,C,3,3,0,1,0.0,1.0,0,0,0,0.0,0.0,0.0,0.0,1.0,0.0,0.0,0.0,0.0,1.0,1.0,0.5,0,3
1018610,7,H,Vancouver Giants,28432,8753,Julian Cull,2004-02-06 00:00:00,2004,28,RW,2,2,0,0,0.0,0.0,0,0,2,0.0,0.0,0.0,0.0,0.0,0.0,0.0,0.0,0.0,0.0,0.0,0.5,0,0
1018610,7,H,Vancouver Giants,29242,9742,Samuel Honzek,2004-11-12 00:00:00,2004,29,LW,1,1,0,1,0.0,0.0,-1,0,0,0.0,0.0,0.0,0.0,0.0,1.0,0.0,0.0,0.0,0.0,1.0,0.0,0,0
1018610,7,H,Vancouver Giants,28067,8344,Sammy May,2003-04-10 00:00:00,2003,34,C,1,1,0,0,0.0,0.0,0,0,0,0.0,0.0,0.0,0.0,0.0,0.0,0.0,0.0,0.0,0.0,0.0,0.5,3,7
1018610,7,H,Vancouver Giants,28803,9197,Mazden Leslie,2005-04-15 00:00:00,2005,47,D,2,2,1,1,0.0,2.0,+1,0,0,0.0,0.0,0.0,1.0,1.0,0.0,0.0,0.0,0.0,1.0,0.0,1.0,0,0
1018610,7,A,Seattle Thunderbirds,28525,8876,Niko Tsakumis,2005-07-05 00:00:00,2005,3,D,1,1,0,0,0.0,0.0,0,0,0,0.0,0.0,0.0,0.0,0.0,0.0,0.0,0.0,0.0,0.0,0.0,0.5,0,0
1018610,7,A,Seattle Thunderbirds,28736,9103,Jeremy Hanzel,2003-02-27 00:00:00,2003,4,D,2,2,0,1,0.0,0.0,+1,0,0,0.0,0.0,1.0,0.0,0.0,0.0,0.0,0.0,0.0,2.0,1.0,0.6666666666666666,0,0
1018610,7,A,Seattle Thunderbirds,28980,9459,Hyde Davidson,2006-01-23 00:00:00,2006,5,D,0,0,0,0,0.0,0.0,+1,0,0,0.0,0.0,0.0,0.0,0.0,0.0,0.0,0.0,0.0,1.0,0.0,1.0,0,0
1018610,7,A,Seattle Thunderbirds,29125,9618,Bryce Pickford,2006-04-02 00:00:00,2006,8,D,5,5,0,0,0.0,0.0,0,0,0,0.0,0.0,0.0,0.0,0.0,0.0,0.0,0.0,0.0,1.0,1.0,0.5,0,0
1018610,7,A,Seattle Thunderbirds,28872,9299,Coster Dunn,2005-09-13 00:00:00,2005,9,RW,3,3,0,0,0.0,0.0,+1,0,0,0.0,0.0,0.0,0.0,0.0,0.0,0.0,0.0,0.0,1.0,0.0,1.0,0,1
1018610,7,A,Seattle Thunderbirds,28737,9104,Gabe Ludwig,2004-02-29 00:00:00,2004,11,LW,0,0,0,0,0.0,0.0,0,0,0,0.0,0.0,0.0,0.0,0.0,0.0,0.0,0.0,0.0,0.0,0.0,0.5,2,6
1018610,7,A,Seattle Thunderbirds,29008,9487,Tij Iginla,2006-08-04 00:00:00,2006,17,C,2,2,0,1,0.0,0.0,+1,0,0,0.0,0.0,1.0,0.0,0.0,0.0,0.0,0.0,0.0,1.0,0.0,1.0,6,12
1018610,7,A,Seattle Thunderbirds,28336,8657,Sam Popowich,2003-05-21 00:00:00,2003,18,C,0,0,0,0,0.0,0.0,-1,0,0,0.0,0.0,0.0,0.0,0.0,0.0,0.0,0.0,0.0,0.0,1.0,0.0,5,11
1018610,7,A,Seattle Thunderbirds,28776,9146,Sam Oremba,2005-01-19 00:00:00,2005,19,LW,2,2,0,0,0.0,0.0,0,0,0,0.0,0.0,0.0,0.0,0.0,0.0,0.0,0.0,0.0,0.0,0.0,0.5,0,0
1018610,7,A,Seattle Thunderbirds,28871,9298,Ethan Mittelsteadt,2005-12-18 00:00:00,2005,23,LD,0,0,0,0,0.0,0.0,-1,0,0,0.0,0.0,0.0,0.0,0.0,0.0,0.0,0.0,0.0,0.0,1.0,0.0,0,0
1018610,7,A,Seattle Thunderbirds,28469,8812,Nico Myatovic,2004-12-01 00:00:00,2004,26,RW,2,2,1,1,2.0,2.0,+1,0,0,1.0,1.0,0.0,0.0,0.0,0.0,0.0,0.0,0.0,2.0,1.0,0.6666666666666666,0,0
1018610,7,A,Seattle Thunderbirds,28739,9106,Easton Kovacs,2004-11-29 00:00:00,2004,28,D,1,1,0,0,0.0,0.0,+1,0,0,0.0,0.0,0.0,0.0,0.0,0.0,0.0,0.0,0.0,1.0,0.0,1.0,0,0
1018610,7,A,Seattle Thunderbirds,28705,9056,Sawyer Mynio,2005-04-30 00:00:00,2005,43,D,2,2,0,1,1.0,1.0,+1,0,0,0.0,1.0,0.0,0.0,0.0,0.0,0.0,0.0,0.0,1.0,0.0,1.0,0,0
1018610,7,A,Seattle Thunderbirds,29135,9632,Kai Knak,0,0,46,D,0,0,0,0,0.0,0.0,0,0,0,0.0,0.0,0.0,0.0,0.0,0.0,0.0,0.0,0.0,0.0,0.0,0.5,0,0
1018610,7,A,Seattle Thunderbirds,28870,9297,Brayden Dube,2005-09-22 00:00:00,2005,51,RW,2,2,1,0,1.0,1.0,+1,0,2,1.0,0.0,0.0,0.0,0.0,0.0,0.0,0.0,0.0,1.0,0.0,1.0,0,0
1018610,7,A,Seattle Thunderbirds,29134,9631,Gracyn Sawchyn,2005-01-19 00:00:00,2005,59,C,3,3,1,1,2.0,2.0,+2,0,2,1.0,1.0,0.0,0.0,0.0,0.0,0.0,0.0,0.0,2.0,0.0,1.0,8,20
1018610,7,A,Seattle Thunderbirds,27852,8049,Kyle Crnkovic,2002-02-10 00:00:00,2002,61,LW,5,5,0,1,0.0,0.0,+2,0,2,0.0,0.0,1.0,0.0,0.0,0.0,0.0,0.0,0.0,2.0,0.0,1.0,0,0
1018611,8,H,Victoria Royals,28960,9403,Justin Kipkie,2005-07-28 00:00:00,2005,3,LD,0,0,0,0,0.0,0.0,-1,0,0,0.0,0.0,0.0,0.0,0.0,0.0,0.0,0.0,0.0,0.0,1.0,0.0,0,0
1018611,8,H,Victoria Royals,28817,9218,Austin Zemlak,2005-02-26 00:00:00,2005,5,D,0,0,0,0,0.0,0.0,-1,0,2,0.0,0.0,0.0,0.0,0.0,0.0,0.0,0.0,0.0,1.0,2.0,0.3333333333333333,0,0
1018611,8,H,Victoria Royals,28370,8691,Kalem Parker,2004-10-12 00:00:00,2004,8,D,3,3,0,1,0.0,0.0,-3,0,0,0.0,0.0,1.0,0.0,0.0,0.0,0.0,0.0,0.0,0.0,2.0,0.0,0,0
1018611,8,H,Victoria Royals,28366,8687,Tanner Scott,2004-05-31 00:00:00,2004,9,LW,1,1,0,0,0.0,0.0,-2,0,0,0.0,0.0,0.0,0.0,0.0,0.0,0.0,0.0,0.0,0.0,1.0,0.0,0,0
1018611,8,H,Victoria Royals,28791,9183,Luke Rybinski,2003-11-19 00:00:00,2003,10,D,2,2,0,0,0.0,0.0,+1,0,0,0.0,0.0,0.0,0.0,0.0,0.0,0.0,0.0,0.0,0.0,0.0,0.5,0,0
1018611,8,H,Victoria Royals,29061,9542,Marcus Almquist,2003-09-13 00:00:00,2003,13,RW,4,4,2,0,1.0,2.0,-2,0,0,1.0,0.0,0.0,1.0,0.0,0.0,0.0,0.0,0.0,0.0,3.0,0.0,0,0
1018611,8,H,Victoria Royals,28364,8685,Carter Dereniwsky,2004-02-27 00:00:00,2004,14,RW,7,7,1,1,0.0,1.0,-2,0,0,0.0,0.0,0.0,1.0,0.0,1.0,0.0,0.0,0.0,1.0,2.0,0.3333333333333333,1,1
1018611,8,H,Victoria Royals,28369,8690,Ryan Spizawka,2004-01-16 00:00:00,2004,15,D,0,0,0,0,0.0,0.0,-1,0,0,0.0,0.0,0.0,0.0,0.0,0.0,0.0,0.0,0.0,0.0,1.0,0.0,5,10
1018611,8,H,Victoria Royals,28363,8684,Carter Briltz,2004-09-24 00:00:00,2004,16,LW,0,0,0,0,0.0,0.0,-1,0,0,0.0,0.0,0.0,0.0,0.0,0.0,0.0,0.0,0.0,0.0,1.0,0.0,1,6
1018611,8,H,Victoria Royals,28963,9413,Wyatt Wilson,2003-10-11 00:00:00,2003,17,LD,5,5,0,1,0.0,0.0,-3,0,2,0.0,0.0,0.0,0.0,0.0,1.0,0.0,0.0,0.0,0.0,2.0,0.0,0,0
1018611,8,H,Victoria Royals,28955,9398,Anthony Wilson,2005-04-27 00:00:00,2005,21,RW,2,2,0,0,0.0,0.0,0,0,15,0.0,0.0,0.0,0.0,0.0,0.0,0.0,0.0,0.0,1.0,1.0,0.5,11,18
1018611,8,H,Victoria Royals,28959,9402,Nate Misskey,2005-01-12 00:00:00,2005,23,RD,0,0,0,0,0.0,0.0,-1,0,0,0.0,0.0,0.0,0.0,0.0,0.0,0.0,0.0,0.0,0.0,1.0,0.0,0,0
1018611,8,H,Victoria Royals,28800,9194,Luke Shipley,2004-08-08 00:00:00,2004,24,D,3,3,0,1,0.0,1.0,+1,0,0,0.0,0.0,0.0,0.0,1.0,0.0,0.0,0.0,0.0,0.0,0.0,0.5,0,0
1018611,8,H,Victoria Royals,28707,9058,Reggie Newman,2005-06-08 00:00:00,2005,25,RW,2,2,2,0,1.0,2.0,-1,0,0,1.0,0.0,0.0,1.0,0.0,0.0,0.0,0.0,0.0,1.0,1.0,0.5,0,0
1018611,8,H,Victoria Royals,27943,8156,Anson McMaster,0,0,26,D,1,1,0,0,0.0,0.0,-1,0,0,0.0,0.0,0.0,0.0,0.0,0.0,0.0,0.0,0.0,1.0,2.0,0.3333333333333333,0,0
1018611,8,H,Victoria Royals,28365,8686,Riley Gannon,2002-08-25 00:00:00,2002,28,RW,2,2,0,2,1.0,1.0,-1,0,0,0.0,1.0,0.0,0.0,0.0,1.0,0.0,0.0,0.0,0.0,2.0,0.0,4,6
1018611,8,H,Victoria Royals,28395,8716,Teague Patton,2003-12-15 00:00:00,2003,29,C,1,1,0,2,0.0,2.0,-3,0,0,0.0,0.0,0.0,0.0,2.0,0.0,0.0,0.0,0.0,0.0,2.0,0.0,7,22
1018611,8,H,Victoria Royals,29093,9577,Alex Edwards,2005-01-19 00:00:00,2005,36,RW,0,0,0,0,0.0,0.0,-1,0,0,0.0,0.0,0.0,0.0,0.0,0.0,0.0,0.0,0.0,0.0,1.0,0.0,0,0
1018611,8,A,Spokane Chiefs,28730,9094,Logan Cunningham,0,0,2,D,1,1,0,0,0.0,0.0,0,0,0,0.0,0.0,0.0,0.0,0.0,0.0,0.0,0.0,0.0,1.0,0.0,1.0,0,0
1018611,8,A,Spokane Chiefs,28854,9262,Brayden Crampton,2004-05-02 00:00:00,2004,3,D,2,2,0,1,1.0,1.0,+1,0,0,0.0,1.0,0.0,0.0,0.0,0.0,0.0,0.0,0.0,2.0,1.0,0.6666666666666666,0,0
1018611,8,A,Spokane Chiefs,28492,8843,Mac Gross,2002-01-22 00:00:00,2002,6,D,4,4,2,0,1.0,2.0,+3,0,0,1.0,0.0,0.0,0.0,0.0,0.0,1.0,0.0,0.0,2.0,0.0,1.0,0,0
1018611,8,A,Spokane Chiefs,28307,8628,Blake Swetlikoff,2003-05-29 00:00:00,2003,10,C,3,3,0,1,1.0,1.0,+2,0,0,0.0,1.0,0.0,0.0,0.0,0.0,0.0,0.0,0.0,1.0,0.0,1.0,8,13
1018611,8,A,Spokane Chiefs,28784,9157,Ty Cheveldayoff,2003-05-14 00:00:00,2003,11,LW,1,1,1,2,1.0,1.0,+3,0,2,1.0,0.0,2.0,0.0,0.0,0.0,0.0,0.0,0.0,3.0,0.0,1.0,2,5
1018611,8,A,Spokane Chiefs,28306,8627,Grady Lane,2003-03-29 00:00:00,2003,13,LW,1,1,0,0,0.0,0.0,-1,0,2,0.0,0.0,0.0,0.0,0.0,0.0,0.0,0.0,0.0,0.0,1.0,0.0,0,0
1018611,8,A,Spokane Chiefs,28852,9260,Kooper Gizowski,2005-05-05 00:00:00,2005,15,RW,1,1,1,2,2.0,3.0,+2,0,0,0.0,2.0,0.0,1.0,0.0,0.0,0.0,0.0,0.0,2.0,0.0,1.0,0,0
1018611,8,A,Spokane Chiefs,28092,8369,Cade Hayes,2002-07-09 00:00:00,2002,16,C,3,3,0,0,0.0,0.0,+2,0,2,0.0,0.0,0.0,0.0,0.0,0.0,0.0,0.0,0.0,1.0,0.0,1.0,4,8
1018611,8,A,Spokane Chiefs,28470,8813,Carter Streek,2004-01-13 00:00:00,2004,17,LW,2,2,0,1,0.0,0.0,+1,0,2,0.0,0.0,0.0,0.0,0.0,1.0,0.0,0.0,0.0,1.0,0.0,1.0,0,0
1018611,8,A,Spokane Chiefs,29101,9588,Will McIsaac,2006-05-26 00:00:00,2006,18,D,1,1,0,0,0.0,0.0,+2,0,2,0.0,0.0,0.0,0.0,0.0,0.0,0.0,0.0,0.0,2.0,0.0,1.0,0,0
1018611,8,A,Spokane Chiefs,28702,9053,Jake Gudelj,2005-12-05 00:00:00,2005,19,LW,0,0,0,0,0.0,0.0,+1,0,0,0.0,0.0,0.0,0.0,0.0,0.0,0.0,0.0,0.0,1.0,0.0,1.0,0,0
1018611,8,A,Spokane Chiefs,29278,9778,Cole Wadsworth,2006-02-27 00:00:00,2006,22,LW,0,0,0,0,0.0,0.0,-2,0,0,0.0,0.0,0.0,0.0,0.0,0.0,0.0,0.0,0.0,0.0,1.0,0.0,0,0
1018611,8,A,Spokane Chiefs,28853,9261,Michael Cicek,2004-01-26 00:00:00,2004,23,C,0,0,0,0,0.0,0.0,-1,0,0,0.0,0.0,0.0,0.0,0.0,0.0,0.0,0.0,0.0,0.0,1.0,0.0,3,11
1018611,8,A,Spokane Chiefs,28814,9210,Saige Weinstein,2005-05-30 00:00:00,2005,24,D,2,2,0,1,0.0,1.0,+1,0,0,0.0,0.0,0.0,0.0,1.0,0.0,0.0,0.0,0.0,2.0,1.0,0.6666666666666666,0,0
1018611,8,A,Spokane Chiefs,28314,8635,Raegan Wiles,2002-04-10 00:00:00,2002,25,D,2,2,1,0,1.0,1.0,+1,0,0,1.0,0.0,0.0,0.0,0.0,0.0,0.0,0.0,0.0,1.0,0.0,1.0,0,0
1018611,8,A,Spokane Chiefs,28253,8564,Chase Bertholet,2003-03-17 00:00:00,2003,28,RW,3,3,1,1,2.0,2.0,+2,0,2,1.0,1.0,0.0,0.0,0.0,0.0,0.0,0.0,0.0,2.0,0.0,1.0,0,2
1018611,8,A,Spokane Chiefs,29280,9780,Tommaso De Luca,2004-12-29 00:00:00,2004,29,C,2,2,1,0,1.0,1.0,+3,0,0,1.0,0.0,0.0,0.0,0.0,0.0,0.0,0.0,0.0,3.0,0.0,1.0,6,10
1018611,8,A,Spokane Chiefs,29113,9604,Berkly Catton,2006-01-14 00:00:00,2006,34,C,1,1,0,1,0.0,0.0,0,0,2,0.0,0.0,1.0,0.0,0.0,0.0,0.0,0.0,0.0,1.0,0.0,1.0,11,14
1018612,9,H,Brandon Wheat Kings,28378,8699,Logen Hammett,2003-04-03 00:00:00,2003,5,D,1,1,0,1,1.0,1.0,-1,0,0,0.0,1.0,0.0,0.0,0.0,0.0,0.0,0.0,0.0,1.0,1.0,0.5,0,0
1018612,9,H,Brandon Wheat Kings,29102,9589,Charlie Elick,2006-01-17 00:00:00,2006,7,D,1,1,0,0,0.0,0.0,0,0,0,0.0,0.0,0.0,0.0,0.0,0.0,0.0,0.0,0.0,1.0,1.0,0.5,0,0
1018612,9,H,Brandon Wheat Kings,28838,9246,Quinn Mantei,2005-04-23 00:00:00,2005,8,D,3,3,0,0,0.0,0.0,0,0,0,0.0,0.0,0.0,0.0,0.0,0.0,0.0,0.0,0.0,2.0,1.0,0.6666666666666666,0,0
1018612,9,H,Brandon Wheat Kings,28075,8352,Riley Ginnell,2002-10-09 00:00:00,2002,9,LW,1,1,0,0,0.0,0.0,-1,0,2,0.0,0.0,0.0,0.0,0.0,0.0,0.0,0.0,0.0,0.0,1.0,0.0,0,0
1018612,9,H,Brandon Wheat Kings,29221,9720,Caleb Hadland,2006-03-06 00:00:00,2006,10,C,0,0,0,0,0.0,0.0,-1,0,0,0.0,0.0,0.0,0.0,0.0,0.0,0.0,0.0,0.0,0.0,1.0,0.0,0,0
1018612,9,H,Brandon Wheat Kings,28381,8702,Rylen Roersma,2004-07-25 00:00:00,2004,11,C,1,1,0,1,0.0,0.0,+2,0,0,0.0,0.0,1.0,0.0,0.0,0.0,0.0,0.0,0.0,2.0,0.0,1.0,1,2
1018612,9,H,Brandon Wheat Kings,29112,9601,Roger McQueen,2006-10-02 00:00:00,2006,13,C,2,2,0,0,0.0,0.0,-1,0,0,0.0,0.0,0.0,0.0,0.0,0.0,0.0,0.0,0.0,1.0,1.0,0.5,0,0
1018612,9,H,Brandon Wheat Kings,28208,8486,Nolan Ritchie,2002-05-27 00:00:00,2002,15,C,4,4,1,0,1.0,1.0,+1,0,2,1.0,0.0,0.0,0.0,0.0,0.0,0.0,0.0,0.0,2.0,0.0,1.0,9,22
1018612,9,H,Brandon Wheat Kings,28839,9247,Trae Johnson,2005-05-03 00:00:00,2005,26,LW,2,2,0,0,0.0,0.0,-1,0,0,0.0,0.0,0.0,0.0,0.0,0.0,0.0,0.0,0.0,0.0,1.0,0.0,0,1
1018612,9,H,Brandon Wheat Kings,28840,9248,Teydon Trembecky,2005-05-28 00:00:00,2005,27,LW,0,0,0,0,0.0,0.0,0,0,0,0.0,0.0,0.0,0.0,0.0,0.0,0.0,0.0,0.0,0.0,0.0,0.5,0,0
1018612,9,H,Brandon Wheat Kings,28309,8630,Ben Thornton,2004-02-02 00:00:00,2004,28,LW,1,1,0,0,0.0,0.0,0,0,0,0.0,0.0,0.0,0.0,0.0,0.0,0.0,0.0,0.0,0.0,0.0,0.5,3,6
1018612,9,H,Brandon Wheat Kings,28486,8837,Nate Danielson,2004-09-27 00:00:00,2004,29,C,2,2,0,0,0.0,0.0,-2,0,0,0.0,0.0,0.0,0.0,0.0,0.0,0.0,0.0,0.0,1.0,1.0,0.5,13,17
1018612,9,H,Brandon Wheat Kings,28465,8808,Owen Harris,0,0,43,D,0,0,0,0,0.0,0.0,0,0,0,0.0,0.0,0.0,0.0,0.0,0.0,0.0,0.0,0.0,0.0,0.0,0.5,0,0
1018612,9,H,Brandon Wheat Kings,29224,9723,Andrei Malyavin,2004-01-30 00:00:00,2004,44,D,2,2,0,1,0.0,0.0,0,0,0,0.0,0.0,1.0,0.0,0.0,0.0,0.0,0.0,0.0,1.0,0.0,1.0,0,0
1018612,9,H,Brandon Wheat Kings,28389,8710,Mason Ward,2002-05-12 00:00:00,2002,47,D,3,3,1,0,1.0,1.0,-1,0,0,1.0,0.0,0.0,0.0,0.0,0.0,0.0,0.0,0.0,1.0,1.0,0.5,0,0
1018612,9,H,Brandon Wheat Kings,29222,9721,Matthew Henry,2004-07-16 00:00:00,2004,67,LW,0,0,0,0,0.0,0.0,0,0,0,0.0,0.0,0.0,0.0,0.0,0.0,0.0,0.0,0.0,0.0,0.0,0.5,0,0
1018612,9,H,Brandon Wheat Kings,28841,9249,Zakhar Polshakov,2003-09-18 00:00:00,2003,71,C,2,2,0,0,0.0,0.0,-1,0,2,0.0,0.0,0.0,0.0,0.0,0.0,0.0,0.0,0.0,0.0,1.0,0.0,9,15
1018612,9,H,Brandon Wheat Kings,28380,8701,Brett Hyland,2003-02-18 00:00:00,2003,74,LW,5,5,1,2,3.0,3.0,+2,0,2,1.0,2.0,0.0,0.0,0.0,0.0,0.0,0.0,0.0,3.0,0.0,1.0,1,1
1018612,9,A,Winnipeg ICE,28830,9238,Omen Harmacy,2005-04-29 00:00:00,2005,3,D,3,3,0,0,0.0,0.0,0,0,0,0.0,0.0,0.0,0.0,0.0,0.0,0.0,0.0,0.0,1.0,1.0,0.5,0,0
1018612,9,A,Winnipeg ICE,28159,8437,Ben Zloty,2002-02-24 00:00:00,2002,4,D,5,5,0,1,0.0,0.0,+2,0,0,0.0,0.0,1.0,0.0,0.0,0.0,0.0,0.0,0.0,0.0,0.0,0.5,0,0
1018612,9,A,Winnipeg ICE,28793,9185,Jaren Brinson,2004-05-08 00:00:00,2004,5,D,3,3,0,2,2.0,2.0,0,0,2,0.0,2.0,0.0,0.0,0.0,0.0,0.0,0.0,0.0,2.0,2.0,0.5,0,0
1018612,9,A,Winnipeg ICE,28831,9239,Ashton Cumby,2005-07-19 00:00:00,2005,6,D,0,0,0,0,0.0,0.0,0,0,0,0.0,0.0,0.0,0.0,0.0,0.0,0.0,0.0,0.0,0.0,1.0,0.0,0,0
1018612,9,A,Winnipeg ICE,29025,9504,Jonas Woo,2006-11-19 00:00:00,2006,8,D,1,1,0,0,0.0,0.0,-1,0,0,0.0,0.0,0.0,0.0,0.0,0.0,0.0,0.0,0.0,1.0,2.0,0.3333333333333333,0,0
1018612,9,A,Winnipeg ICE,28706,9057,Zach Benson,2005-05-12 00:00:00,2005,9,C,7,7,1,0,1.0,1.0,+1,0,0,1.0,0.0,0.0,0.0,0.0,0.0,0.0,0.0,0.0,0.0,0.0,0.5,0,1
1018612,9,A,Winnipeg ICE,28827,9235,Evan Friesen,2004-08-24 00:00:00,2004,10,RW,3,3,1,0,1.0,1.0,+1,0,0,1.0,0.0,0.0,0.0,0.0,0.0,0.0,0.0,0.0,2.0,2.0,0.5,5,16
1018612,9,A,Winnipeg ICE,28157,8435,Skyler Bruce,2003-01-23 00:00:00,2003,11,RW,1,1,0,3,1.0,1.0,+1,0,0,0.0,1.0,2.0,0.0,0.0,0.0,0.0,0.0,0.0,2.0,2.0,0.5,0,0
1018612,9,A,Winnipeg ICE,28484,8835,Briley Wood,0,0,12,C,3,3,0,0,0.0,0.0,-1,0,0,0.0,0.0,0.0,0.0,0.0,0.0,0.0,0.0,0.0,0.0,1.0,0.0,0,0
1018612,9,A,Winnipeg ICE,28965,9419,Alessandro Segafredo,0,0,15,RW,4,4,0,0,0.0,0.0,-1,0,0,0.0,0.0,0.0,0.0,0.0,0.0,0.0,0.0,0.0,0.0,1.0,0.0,0,0
1018612,9,A,Winnipeg ICE,28158,8436,Owen Pederson,2002-03-27 00:00:00,2002,17,LW,4,4,0,1,1.0,1.0,+1,0,0,0.0,1.0,0.0,0.0,0.0,0.0,0.0,0.0,0.0,0.0,0.0,0.5,16,32
1018612,9,A,Winnipeg ICE,28829,9237,Aiden Oiring,2005-05-09 00:00:00,2005,18,LW,2,2,0,0,0.0,0.0,0,0,0,0.0,0.0,0.0,0.0,0.0,0.0,0.0,0.0,0.0,0.0,1.0,0.0,6,11
1018612,9,A,Winnipeg ICE,28834,9242,Maximilian Streule,0,0,21,D,1,1,0,0,0.0,0.0,0,0,0,0.0,0.0,0.0,0.0,0.0,0.0,0.0,0.0,0.0,0.0,0.0,0.5,0,0
1018612,9,A,Winnipeg ICE,29144,9641,Connor Dale,2005-01-29 00:00:00,2005,23,C,1,1,0,0,0.0,0.0,0,0,0,0.0,0.0,0.0,0.0,0.0,0.0,0.0,0.0,0.0,0.0,0.0,0.5,0,0
1018612,9,A,Winnipeg ICE,28828,9236,Ty Fraser,2005-04-28 00:00:00,2005,25,RW,0,0,0,0,0.0,0.0,0,0,0,0.0,0.0,0.0,0.0,0.0,0.0,0.0,0.0,0.0,0.0,0.0,0.5,0,0
1018612,9,A,Winnipeg ICE,28385,8706,Josh Medernach,2003-02-02 00:00:00,2003,27,C,2,2,2,0,2.0,2.0,+2,0,0,2.0,0.0,0.0,0.0,0.0,0.0,0.0,0.0,0.0,2.0,1.0,0.6666666666666666,0,0
1018612,9,A,Winnipeg ICE,28962,9411,Steven Arp,0,0,45,LW,1,1,0,0,0.0,0.0,-1,0,2,0.0,0.0,0.0,0.0,0.0,0.0,0.0,0.0,0.0,0.0,1.0,0.0,1,3
1018612,9,A,Winnipeg ICE,27942,8155,Connor McClennon,2002-06-25 00:00:00,2002,94,RW,2,2,0,1,0.0,0.0,+1,0,0,0.0,0.0,1.0,0.0,0.0,0.0,0.0,0.0,0.0,0.0,0.0,0.5,0,1
1018613,10,H,Calgary Hitmen,28131,8409,Trey Patterson,2003-04-25 00:00:00,2003,3,D,0,0,0,0,0.0,0.0,-1,0,0,0.0,0.0,0.0,0.0,0.0,0.0,0.0,0.0,0.0,0.0,1.0,0.0,0,0
1018613,10,H,Calgary Hitmen,28191,8469,Keagan Slaney,2003-04-10 00:00:00,2003,7,D,0,0,0,0,0.0,0.0,+2,0,2,0.0,0.0,0.0,0.0,0.0,0.0,0.0,0.0,0.0,2.0,0.0,1.0,0,0
1018613,10,H,Calgary Hitmen,28429,8750,Grayden Siepmann,2004-05-26 00:00:00,2004,8,D,0,0,0,1,0.0,0.0,+2,0,0,0.0,0.0,1.0,0.0,0.0,0.0,0.0,0.0,0.0,2.0,0.0,1.0,0,0
1018613,10,H,Calgary Hitmen,28472,8815,Billal Noori,2004-04-27 00:00:00,2004,9,RW,1,1,1,0,1.0,1.0,+1,0,0,1.0,0.0,0.0,0.0,0.0,0.0,0.0,0.0,0.0,1.0,0.0,1.0,0,0
1018613,10,H,Calgary Hitmen,28927,9369,Matteo Danis,2005-03-27 00:00:00,2005,11,C,0,0,0,0,0.0,0.0,0,0,2,0.0,0.0,0.0,0.0,0.0,0.0,0.0,0.0,0.0,0.0,0.0,0.5,7,13
1018613,10,H,Calgary Hitmen,29289,9789,Vojtech Husinecky,2005-08-29 00:00:00,2005,12,D,1,1,0,0,0.0,0.0,0,0,0,0.0,0.0,0.0,0.0,0.0,0.0,0.0,0.0,0.0,0.0,0.0,0.5,0,0
1018613,10,H,Calgary Hitmen,29243,9743,Tomis Marinkovic,2004-02-15 00:00:00,2004,14,C,0,0,0,0,0.0,0.0,0,0,2,0.0,0.0,0.0,0.0,0.0,0.0,0.0,0.0,0.0,0.0,0.0,0.5,7,15
1018613,10,H,Calgary Hitmen,29058,9539,Maxim Muranov,2004-06-02 00:00:00,2004,15,LW,2,2,0,0,0.0,0.0,0,0,0,0.0,0.0,0.0,0.0,0.0,0.0,0.0,0.0,0.0,0.0,0.0,0.5,0,0
1018613,10,H,Calgary Hitmen,29129,9623,Carson Wetsch,2006-05-04 00:00:00,2006,16,C,2,2,0,0,0.0,0.0,0,0,0,0.0,0.0,0.0,0.0,0.0,0.0,0.0,0.0,0.0,1.0,1.0,0.5,0,0
1018613,10,H,Calgary Hitmen,28929,9371,David Adaszynski,2005-05-25 00:00:00,2005,17,LW,3,3,0,0,0.0,0.0,0,0,0,0.0,0.0,0.0,0.0,0.0,0.0,0.0,0.0,0.0,0.0,0.0,0.5,1,1
1018613,10,H,Calgary Hitmen,29095,9579,Ethan Moore,2005-02-23 00:00:00,2005,18,LW,0,0,0,0,0.0,0.0,0,0,0,0.0,0.0,0.0,0.0,0.0,0.0,0.0,0.0,0.0,0.0,0.0,0.5,2,2
1018613,10,H,Calgary Hitmen,28238,8545,Steel Quiring,2003-01-15 00:00:00,2003,23,RW,0,0,0,0,0.0,0.0,+1,0,0,0.0,0.0,0.0,0.0,0.0,0.0,0.0,0.0,0.0,1.0,0.0,1.0,5,9
1018613,10,H,Calgary Hitmen,28930,9372,Carter Yakemchuk,2005-09-29 00:00:00,2005,26,D,3,3,0,0,0.0,0.0,-1,0,0,0.0,0.0,0.0,0.0,0.0,0.0,0.0,0.0,0.0,0.0,1.0,0.0,0,0
1018613,10,H,Calgary Hitmen,28425,8746,Brandon Whynott,2004-04-16 00:00:00,2004,27,LW,4,4,0,1,1.0,1.0,0,0,2,0.0,1.0,0.0,0.0,0.0,0.0,0.0,0.0,0.0,1.0,1.0,0.5,0,0
1018613,10,H,Calgary Hitmen,28931,9373,Matthew Sutter,0,0,28,D,1,1,0,0,0.0,0.0,0,0,0,0.0,0.0,0.0,0.0,0.0,0.0,0.0,0.0,0.0,0.0,0.0,0.5,0,0
1018613,10,H,Calgary Hitmen,29241,9741,London Hoilett,2005-02-15 00:00:00,2005,32,RW,0,0,0,0,0.0,0.0,0,0,0,0.0,0.0,0.0,0.0,0.0,0.0,0.0,0.0,0.0,0.0,0.0,0.5,0,0
1018613,10,H,Calgary Hitmen,29130,9624,Chase Valliant,2006-05-18 00:00:00,2006,34,RW,1,1,0,1,1.0,1.0,+1,0,0,0.0,1.0,0.0,0.0,0.0,0.0,0.0,0.0,0.0,1.0,0.0,1.0,0,0
1018613,10,H,Calgary Hitmen,28540,8891,Oliver Tulk,2005-01-19 00:00:00,2005,37,C,3,3,1,0,1.0,1.0,0,0,0,1.0,0.0,0.0,0.0,0.0,0.0,0.0,0.0,0.0,1.0,1.0,0.5,19,27
1018613,10,A,Swift Current Broncos,28936,9379,Rayan Bettahar,0,0,2,D,0,0,0,0,0.0,0.0,+1,0,0,0.0,0.0,0.0,0.0,0.0,0.0,0.0,0.0,0.0,1.0,0.0,1.0,0,0
1018613,10,A,Swift Current Broncos,28738,9105,Kayden Sadhra-Kang,2003-05-25 00:00:00,2003,4,D,0,0,0,0,0.0,0.0,+1,0,2,0.0,0.0,0.0,0.0,0.0,0.0,0.0,0.0,0.0,1.0,0.0,1.0,0,0
1018613,10,A,Swift Current Broncos,29108,9597,Josh Fluker,2006-01-03 00:00:00,2006,5,D,4,4,0,0,0.0,0.0,-1,0,0,0.0,0.0,0.0,0.0,0.0,0.0,0.0,0.0,0.0,0.0,1.0,0.0,0,0
1018613,10,A,Swift Current Broncos,29128,9622,Sam Ward,2005-08-03 00:00:00,2005,7,D,2,2,0,0,0.0,0.0,-1,0,0,0.0,0.0,0.0,0.0,0.0,0.0,0.0,0.0,0.0,0.0,1.0,0.0,0,0
1018613,10,A,Swift Current Broncos,28344,8665,Mathew Ward,2004-01-24 00:00:00,2004,10,C,9,9,0,1,1.0,1.0,0,0,2,0.0,1.0,0.0,0.0,0.0,0.0,0.0,0.0,0.0,1.0,1.0,0.5,5,19
1018613,10,A,Swift Current Broncos,28938,9381,Rylan Gould,2005-08-05 00:00:00,2005,12,LW,2,2,0,0,0.0,0.0,0,0,0,0.0,0.0,0.0,0.0,0.0,0.0,0.0,0.0,0.0,0.0,0.0,0.5,0,0
1018613,10,A,Swift Current Broncos,28939,9382,Luke Mistelbacher,2005-11-02 00:00:00,2005,13,LW,2,2,0,0,0.0,0.0,0,0,0,0.0,0.0,0.0,0.0,0.0,0.0,0.0,0.0,0.0,0.0,0.0,0.5,0,0
1018613,10,A,Swift Current Broncos,28944,9387,Connor Gabriel,2005-08-12 00:00:00,2005,14,C,1,1,0,0,0.0,0.0,0,0,0,0.0,0.0,0.0,0.0,0.0,0.0,0.0,0.0,0.0,0.0,0.0,0.5,3,9
1018613,10,A,Swift Current Broncos,27967,8209,Raphael Pelletier,2002-03-20 00:00:00,2002,15,C,3,3,0,0,0.0,0.0,0,0,0,0.0,0.0,0.0,0.0,0.0,0.0,0.0,0.0,0.0,1.0,1.0,0.5,1,4
1018613,10,A,Swift Current Broncos,28775,9145,Brady Birnie,2005-09-07 00:00:00,2005,16,LW,1,1,0,0,0.0,0.0,0,0,0,0.0,0.0,0.0,0.0,0.0,0.0,0.0,0.0,0.0,0.0,0.0,0.5,8,18
1018613,10,A,Swift Current Broncos,28810,9205,Karson King,0,0,18,RW,1,1,0,0,0.0,0.0,-1,0,0,0.0,0.0,0.0,0.0,0.0,0.0,0.0,0.0,0.0,0.0,1.0,0.0,0,0
1018613,10,A,Swift Current Broncos,28342,8663,Braeden Lewis,2003-05-21 00:00:00,2003,20,C,3,3,1,0,0.0,1.0,-1,0,0,0.0,0.0,0.0,1.0,0.0,0.0,0.0,0.0,0.0,0.0,1.0,0.0,9,17
1018613,10,A,Swift Current Broncos,29103,9590,Clarke Caswell,2006-02-02 00:00:00,2006,25,LW,2,2,1,1,1.0,2.0,0,0,0,1.0,0.0,0.0,0.0,1.0,0.0,0.0,0.0,0.0,1.0,1.0,0.5,0,0
1018613,10,A,Swift Current Broncos,28042,8319,Sam McGinley,2002-12-03 00:00:00,2002,28,D,2,2,0,1,0.0,0.0,-1,0,2,0.0,0.0,0.0,0.0,0.0,1.0,0.0,0.0,0.0,0.0,1.0,0.0,0,0
1018613,10,A,Swift Current Broncos,28941,9384,Van Eger,2005-03-18 00:00:00,2005,29,RW,0,0,0,0,0.0,0.0,0,0,2,0.0,0.0,0.0,0.0,0.0,0.0,0.0,0.0,0.0,0.0,0.0,0.5,0,0
1018613,10,A,Swift Current Broncos,29107,9594,Maddix McCagherty,0,0,34,LW,1,1,0,0,0.0,0.0,0,0,0,0.0,0.0,0.0,0.0,0.0,0.0,0.0,0.0,0.0,0.0,0.0,0.5,0,0
1018613,10,A,Swift Current Broncos,28937,9380,Grayson Burzynski,2005-06-04 00:00:00,2005,38,D,1,1,0,0,0.0,0.0,-1,0,0,0.0,0.0,0.0,0.0,0.0,0.0,0.0,0.0,0.0,0.0,1.0,0.0,0,0
1018613,10,A,Swift Current Broncos,29100,9585,Ty Hurley,2004-06-16 00:00:00,2004,39,LW,3,3,0,0,0.0,0.0,-1,0,0,0.0,0.0,0.0,0.0,0.0,0.0,0.0,0.0,0.0,0.0,1.0,0.0,0,0
